ROWID	_GoldMin|INTEGER	_GoldMax|INTEGER	_GoldProb|INTEGER	_GoldLumpMin|INTEGER	_GoldLumpMax|INTEGER	_IsGroup1|BOOLEAN	_Item1Index|INTEGER	_Item1Prob|INTEGER	_Item1Info|INTEGER	_IsGroup2|BOOLEAN	_Item2Index|INTEGER	_Item2Prob|INTEGER	_Item2Info|INTEGER	_IsGroup3|BOOLEAN	_Item3Index|INTEGER	_Item3Prob|INTEGER	_Item3Info|INTEGER	_IsGroup4|BOOLEAN	_Item4Index|INTEGER	_Item4Prob|INTEGER	_Item4Info|INTEGER	_IsGroup5|BOOLEAN	_Item5Index|INTEGER	_Item5Prob|INTEGER	_Item5Info|INTEGER	_IsGroup6|BOOLEAN	_Item6Index|INTEGER	_Item6Prob|INTEGER	_Item6Info|INTEGER	_IsGroup7|BOOLEAN	_Item7Index|INTEGER	_Item7Prob|INTEGER	_Item7Info|INTEGER	_IsGroup8|BOOLEAN	_Item8Index|INTEGER	_Item8Prob|INTEGER	_Item8Info|INTEGER	_IsGroup9|BOOLEAN	_Item9Index|INTEGER	_Item9Prob|INTEGER	_Item9Info|INTEGER	_IsGroup10|BOOLEAN	_Item10Index|INTEGER	_Item10Prob|INTEGER	_Item10Info|INTEGER	_IsGroup11|BOOLEAN	_Item11Index|INTEGER	_Item11Prob|INTEGER	_Item11Info|INTEGER	_IsGroup12|BOOLEAN	_Item12Index|INTEGER	_Item12Prob|INTEGER	_Item12Info|INTEGER	_IsGroup13|BOOLEAN	_Item13Index|INTEGER	_Item13Prob|INTEGER	_Item13Info|INTEGER	_IsGroup14|BOOLEAN	_Item14Index|INTEGER	_Item14Prob|INTEGER	_Item14Info|INTEGER	_IsGroup15|BOOLEAN	_Item15Index|INTEGER	_Item15Prob|INTEGER	_Item15Info|INTEGER	_IsGroup16|BOOLEAN	_Item16Index|INTEGER	_Item16Prob|INTEGER	_Item16Info|INTEGER	_IsGroup17|BOOLEAN	_Item17Index|INTEGER	_Item17Prob|INTEGER	_Item17Info|INTEGER	_IsGroup18|BOOLEAN	_Item18Index|INTEGER	_Item18Prob|INTEGER	_Item18Info|INTEGER	_IsGroup19|BOOLEAN	_Item19Index|INTEGER	_Item19Prob|INTEGER	_Item19Info|INTEGER	_IsGroup20|BOOLEAN	_Item20Index|INTEGER	_Item20Prob|INTEGER	_Item20Info|INTEGER
500162422	0	0	0	0	0	false	306350096	0	1	false	306350096	0	2	false	306350096	0	3	false	306350096	0	4	false	306350096	0	5	true	0	0	0	true	0	0	0	true	0	0	0	true	0	0	0	true	0	0	0	true	0	0	0	true	0	0	0	true	0	0	0	true	0	0	0	true	0	0	0	true	0	0	0	true	0	0	0	true	0	0	0	true	0	0	0	true	0	0	0
500162222	0	0	0	0	0	false	306333712	0	1	false	306333712	0	2	false	306333712	0	3	false	306333712	0	4	false	306333712	0	5	true	0	0	0	true	0	0	0	true	0	0	0	true	0	0	0	true	0	0	0	true	0	0	0	true	0	0	0	true	0	0	0	true	0	0	0	true	0	0	0	true	0	0	0	true	0	0	0	true	0	0	0	true	0	0	0	true	0	0	0
500162622	0	0	0	0	0	false	306366480	0	1	false	306366480	0	2	false	306366480	0	3	false	306366480	0	4	false	306366480	0	5	true	0	0	0	true	0	0	0	true	0	0	0	true	0	0	0	true	0	0	0	true	0	0	0	true	0	0	0	true	0	0	0	true	0	0	0	true	0	0	0	true	0	0	0	true	0	0	0	true	0	0	0	true	0	0	0	true	0	0	0
500162442	0	0	0	0	0	false	306352144	0	1	false	306352144	0	2	false	306352144	0	3	false	306352144	0	4	false	306352144	0	5	true	0	0	0	true	0	0	0	true	0	0	0	true	0	0	0	true	0	0	0	true	0	0	0	true	0	0	0	true	0	0	0	true	0	0	0	true	0	0	0	true	0	0	0	true	0	0	0	true	0	0	0	true	0	0	0	true	0	0	0
500162242	0	0	0	0	0	false	306335760	0	1	false	306335760	0	2	false	306335760	0	3	false	306335760	0	4	false	306335760	0	5	true	0	0	0	true	0	0	0	true	0	0	0	true	0	0	0	true	0	0	0	true	0	0	0	true	0	0	0	true	0	0	0	true	0	0	0	true	0	0	0	true	0	0	0	true	0	0	0	true	0	0	0	true	0	0	0	true	0	0	0
500162642	0	0	0	0	0	false	306368528	0	1	false	306368528	0	2	false	306368528	0	3	false	306368528	0	4	false	306368528	0	5	true	0	0	0	true	0	0	0	true	0	0	0	true	0	0	0	true	0	0	0	true	0	0	0	true	0	0	0	true	0	0	0	true	0	0	0	true	0	0	0	true	0	0	0	true	0	0	0	true	0	0	0	true	0	0	0	true	0	0	0
500162424	0	0	0	0	0	false	306350112	0	1	false	306350112	0	2	false	306350112	0	3	false	306350112	0	4	false	306350112	0	5	true	0	0	0	true	0	0	0	true	0	0	0	true	0	0	0	true	0	0	0	true	0	0	0	true	0	0	0	true	0	0	0	true	0	0	0	true	0	0	0	true	0	0	0	true	0	0	0	true	0	0	0	true	0	0	0	true	0	0	0
500162224	0	0	0	0	0	false	306333728	0	1	false	306333728	0	2	false	306333728	0	3	false	306333728	0	4	false	306333728	0	5	true	0	0	0	true	0	0	0	true	0	0	0	true	0	0	0	true	0	0	0	true	0	0	0	true	0	0	0	true	0	0	0	true	0	0	0	true	0	0	0	true	0	0	0	true	0	0	0	true	0	0	0	true	0	0	0	true	0	0	0
500162624	0	0	0	0	0	false	306366496	0	1	false	306366496	0	2	false	306366496	0	3	false	306366496	0	4	false	306366496	0	5	true	0	0	0	true	0	0	0	true	0	0	0	true	0	0	0	true	0	0	0	true	0	0	0	true	0	0	0	true	0	0	0	true	0	0	0	true	0	0	0	true	0	0	0	true	0	0	0	true	0	0	0	true	0	0	0	true	0	0	0
500162444	0	0	0	0	0	false	306352160	0	1	false	306352160	0	2	false	306352160	0	3	false	306352160	0	4	false	306352160	0	5	true	0	0	0	true	0	0	0	true	0	0	0	true	0	0	0	true	0	0	0	true	0	0	0	true	0	0	0	true	0	0	0	true	0	0	0	true	0	0	0	true	0	0	0	true	0	0	0	true	0	0	0	true	0	0	0	true	0	0	0
500162244	0	0	0	0	0	false	306335776	0	1	false	306335776	0	2	false	306335776	0	3	false	306335776	0	4	false	306335776	0	5	true	0	0	0	true	0	0	0	true	0	0	0	true	0	0	0	true	0	0	0	true	0	0	0	true	0	0	0	true	0	0	0	true	0	0	0	true	0	0	0	true	0	0	0	true	0	0	0	true	0	0	0	true	0	0	0	true	0	0	0
500162644	0	0	0	0	0	false	306368544	0	1	false	306368544	0	2	false	306368544	0	3	false	306368544	0	4	false	306368544	0	5	true	0	0	0	true	0	0	0	true	0	0	0	true	0	0	0	true	0	0	0	true	0	0	0	true	0	0	0	true	0	0	0	true	0	0	0	true	0	0	0	true	0	0	0	true	0	0	0	true	0	0	0	true	0	0	0	true	0	0	0
500162426	0	0	0	0	0	false	306350128	0	1	false	306350128	0	2	false	306350128	0	3	false	306350128	0	4	false	306350128	0	5	true	0	0	0	true	0	0	0	true	0	0	0	true	0	0	0	true	0	0	0	true	0	0	0	true	0	0	0	true	0	0	0	true	0	0	0	true	0	0	0	true	0	0	0	true	0	0	0	true	0	0	0	true	0	0	0	true	0	0	0
500162226	0	0	0	0	0	false	306333744	0	1	false	306333744	0	2	false	306333744	0	3	false	306333744	0	4	false	306333744	0	5	true	0	0	0	true	0	0	0	true	0	0	0	true	0	0	0	true	0	0	0	true	0	0	0	true	0	0	0	true	0	0	0	true	0	0	0	true	0	0	0	true	0	0	0	true	0	0	0	true	0	0	0	true	0	0	0	true	0	0	0
500162626	0	0	0	0	0	false	306366512	0	1	false	306366512	0	2	false	306366512	0	3	false	306366512	0	4	false	306366512	0	5	true	0	0	0	true	0	0	0	true	0	0	0	true	0	0	0	true	0	0	0	true	0	0	0	true	0	0	0	true	0	0	0	true	0	0	0	true	0	0	0	true	0	0	0	true	0	0	0	true	0	0	0	true	0	0	0	true	0	0	0
500162446	0	0	0	0	0	false	306352176	0	1	false	306352176	0	2	false	306352176	0	3	false	306352176	0	4	false	306352176	0	5	true	0	0	0	true	0	0	0	true	0	0	0	true	0	0	0	true	0	0	0	true	0	0	0	true	0	0	0	true	0	0	0	true	0	0	0	true	0	0	0	true	0	0	0	true	0	0	0	true	0	0	0	true	0	0	0	true	0	0	0
500162246	0	0	0	0	0	false	306335792	0	1	false	306335792	0	2	false	306335792	0	3	false	306335792	0	4	false	306335792	0	5	true	0	0	0	true	0	0	0	true	0	0	0	true	0	0	0	true	0	0	0	true	0	0	0	true	0	0	0	true	0	0	0	true	0	0	0	true	0	0	0	true	0	0	0	true	0	0	0	true	0	0	0	true	0	0	0	true	0	0	0
500162646	0	0	0	0	0	false	306368560	0	1	false	306368560	0	2	false	306368560	0	3	false	306368560	0	4	false	306368560	0	5	true	0	0	0	true	0	0	0	true	0	0	0	true	0	0	0	true	0	0	0	true	0	0	0	true	0	0	0	true	0	0	0	true	0	0	0	true	0	0	0	true	0	0	0	true	0	0	0	true	0	0	0	true	0	0	0	true	0	0	0
500164042	0	0	0	0	0	false	306450448	0	1	false	306450448	0	1	false	306450448	0	1	false	306450448	0	1	false	306450448	0	1	true	0	0	0	true	0	0	0	true	0	0	0	true	0	0	0	true	0	0	0	true	0	0	0	true	0	0	0	true	0	0	0	true	0	0	0	true	0	0	0	true	0	0	0	true	0	0	0	true	0	0	0	true	0	0	0	true	0	0	0
500164044	0	0	0	0	0	false	306450464	0	1	false	306450464	0	1	false	306450464	0	1	false	306450464	0	1	false	306450464	0	1	true	0	0	0	true	0	0	0	true	0	0	0	true	0	0	0	true	0	0	0	true	0	0	0	true	0	0	0	true	0	0	0	true	0	0	0	true	0	0	0	true	0	0	0	true	0	0	0	true	0	0	0	true	0	0	0	true	0	0	0
500164046	0	0	0	0	0	false	306450480	0	1	false	306450480	0	2	false	306450480	0	3	false	306450480	0	4	false	306450480	0	5	true	0	0	0	true	0	0	0	true	0	0	0	true	0	0	0	true	0	0	0	true	0	0	0	true	0	0	0	true	0	0	0	true	0	0	0	true	0	0	0	true	0	0	0	true	0	0	0	true	0	0	0	true	0	0	0	true	0	0	0
500162662	0	0	0	0	0	false	306370576	0	1	false	306370576	0	1	false	306370576	0	1	false	306370576	0	1	false	306370576	0	1	true	0	0	0	true	0	0	0	true	0	0	0	true	0	0	0	true	0	0	0	true	0	0	0	true	0	0	0	true	0	0	0	true	0	0	0	true	0	0	0	true	0	0	0	true	0	0	0	true	0	0	0	true	0	0	0	true	0	0	0
500164062	0	0	0	0	0	false	306452496	0	1	false	306452496	0	1	false	306452496	0	1	false	306452496	0	1	false	306452496	0	1	true	0	0	0	true	0	0	0	true	0	0	0	true	0	0	0	true	0	0	0	true	0	0	0	true	0	0	0	true	0	0	0	true	0	0	0	true	0	0	0	true	0	0	0	true	0	0	0	true	0	0	0	true	0	0	0	true	0	0	0
500162664	0	0	0	0	0	false	306370592	0	1	false	306370592	0	1	false	306370592	0	1	false	306370592	0	1	false	306370592	0	1	true	0	0	0	true	0	0	0	true	0	0	0	true	0	0	0	true	0	0	0	true	0	0	0	true	0	0	0	true	0	0	0	true	0	0	0	true	0	0	0	true	0	0	0	true	0	0	0	true	0	0	0	true	0	0	0	true	0	0	0
500164064	0	0	0	0	0	false	306452512	0	1	false	306452512	0	1	false	306452512	0	1	false	306452512	0	1	false	306452512	0	1	true	0	0	0	true	0	0	0	true	0	0	0	true	0	0	0	true	0	0	0	true	0	0	0	true	0	0	0	true	0	0	0	true	0	0	0	true	0	0	0	true	0	0	0	true	0	0	0	true	0	0	0	true	0	0	0	true	0	0	0
500162666	0	0	0	0	0	false	306370608	0	1	false	306370608	0	2	false	306370608	0	3	false	306370608	0	4	false	306370608	0	5	true	0	0	0	true	0	0	0	true	0	0	0	true	0	0	0	true	0	0	0	true	0	0	0	true	0	0	0	true	0	0	0	true	0	0	0	true	0	0	0	true	0	0	0	true	0	0	0	true	0	0	0	true	0	0	0	true	0	0	0
500164066	0	0	0	0	0	false	306452528	0	1	false	306452528	0	2	false	306452528	0	3	false	306452528	0	4	false	306452528	0	5	true	0	0	0	true	0	0	0	true	0	0	0	true	0	0	0	true	0	0	0	true	0	0	0	true	0	0	0	true	0	0	0	true	0	0	0	true	0	0	0	true	0	0	0	true	0	0	0	true	0	0	0	true	0	0	0	true	0	0	0
500162462	0	0	0	0	0	false	268442022	0	1	true	0	0	0	true	0	0	0	true	0	0	0	true	0	0	1	true	0	0	0	true	0	0	0	true	0	0	0	true	0	0	0	true	0	0	0	true	0	0	0	true	0	0	0	true	0	0	0	true	0	0	0	true	0	0	0	true	0	0	0	true	0	0	0	true	0	0	0	true	0	0	0	true	0	0	0
500162262	0	0	0	0	0	false	268442023	0	1	true	0	0	0	true	0	0	0	true	0	0	0	true	0	0	1	true	0	0	0	true	0	0	0	true	0	0	0	true	0	0	0	true	0	0	0	true	0	0	0	true	0	0	0	true	0	0	0	true	0	0	0	true	0	0	0	true	0	0	0	true	0	0	0	true	0	0	0	true	0	0	0	true	0	0	0
500162464	0	0	0	0	0	false	268442024	0	1	true	0	0	0	true	0	0	0	true	0	0	0	true	0	0	0	true	0	0	0	true	0	0	0	true	0	0	0	true	0	0	0	true	0	0	0	true	0	0	0	true	0	0	0	true	0	0	0	true	0	0	0	true	0	0	0	true	0	0	0	true	0	0	0	true	0	0	0	true	0	0	0	true	0	0	0
500162264	0	0	0	0	0	false	268442025	0	1	true	0	0	0	true	0	0	0	true	0	0	0	true	0	0	1	true	0	0	0	true	0	0	0	true	0	0	0	true	0	0	0	true	0	0	0	true	0	0	0	true	0	0	0	true	0	0	0	true	0	0	0	true	0	0	0	true	0	0	0	true	0	0	0	true	0	0	0	true	0	0	0	true	0	0	0
500162466	0	0	0	0	0	false	268442026	0	1	true	0	0	0	true	0	0	0	true	0	0	0	true	0	0	0	true	0	0	0	true	0	0	0	true	0	0	0	true	0	0	0	true	0	0	0	true	0	0	0	true	0	0	0	true	0	0	0	true	0	0	0	true	0	0	0	true	0	0	0	true	0	0	0	true	0	0	0	true	0	0	0	true	0	0	0
500162266	0	0	0	0	0	false	268442027	0	1	true	0	0	0	true	0	0	0	true	0	0	0	true	0	0	0	true	0	0	0	true	0	0	0	true	0	0	0	true	0	0	0	true	0	0	0	true	0	0	0	true	0	0	0	true	0	0	0	true	0	0	0	true	0	0	0	true	0	0	0	true	0	0	0	true	0	0	0	true	0	0	0	true	0	0	0
500182462	0	0	0	0	0	false	306354448	0	1	false	306354448	0	2	false	306354448	0	3	false	306354448	0	4	false	306354448	0	5	false	0	0	1	false	0	0	1	false	0	0	1	false	0	0	1	false	0	0	1	false	0	0	1	false	0	0	1	false	0	0	1	false	0	0	1	false	0	0	1	false	0	0	1	false	0	0	1	false	0	0	1	false	0	0	1	false	0	0	1
500184462	0	0	0	0	0	false	306354704	0	1	false	306354704	0	2	false	306354704	0	3	false	306354704	0	4	false	306354704	0	5	false	0	0	1	false	0	0	1	false	0	0	1	false	0	0	1	false	0	0	1	false	0	0	1	false	0	0	1	false	0	0	1	false	0	0	1	false	0	0	1	false	0	0	1	false	0	0	1	false	0	0	1	false	0	0	1	false	0	0	1
500186462	0	0	0	0	0	false	306354960	0	1	false	306354960	0	2	false	306354960	0	3	false	306354960	0	4	false	306354960	0	5	false	0	0	1	false	0	0	1	false	0	0	1	false	0	0	1	false	0	0	1	false	0	0	1	false	0	0	1	false	0	0	1	false	0	0	1	false	0	0	1	false	0	0	1	false	0	0	1	false	0	0	1	false	0	0	1	false	0	0	1
500188462	0	0	0	0	0	false	306355216	0	1	false	306355216	0	2	false	306355216	0	3	false	306355216	0	4	false	306355472	0	5	false	0	0	1	false	0	0	1	false	0	0	1	false	0	0	1	false	0	0	1	false	0	0	1	false	0	0	1	false	0	0	1	false	0	0	1	false	0	0	1	false	0	0	1	false	0	0	1	false	0	0	1	false	0	0	1	false	0	0	1
500190462	0	0	0	0	0	false	306355472	0	1	false	306355472	0	2	false	306355472	0	3	false	306355472	0	4	false	306355472	0	5	false	0	0	1	false	0	0	1	false	0	0	1	false	0	0	1	false	0	0	1	false	0	0	1	false	0	0	1	false	0	0	1	false	0	0	1	false	0	0	1	false	0	0	1	false	0	0	1	false	0	0	1	false	0	0	1	false	0	0	1
500182262	0	0	0	0	0	false	306338064	0	1	false	306338064	0	2	false	306338064	0	3	false	306338064	0	4	false	306338064	0	5	false	0	0	1	false	0	0	1	false	0	0	1	false	0	0	1	false	0	0	1	false	0	0	1	false	0	0	1	false	0	0	1	false	0	0	1	false	0	0	1	false	0	0	1	false	0	0	1	false	0	0	1	false	0	0	1	false	0	0	1
500184262	0	0	0	0	0	false	306338320	0	1	false	306338320	0	2	false	306338320	0	3	false	306338320	0	4	false	306338320	0	5	false	0	0	1	false	0	0	1	false	0	0	1	false	0	0	1	false	0	0	1	false	0	0	1	false	0	0	1	false	0	0	1	false	0	0	1	false	0	0	1	false	0	0	1	false	0	0	1	false	0	0	1	false	0	0	1	false	0	0	1
500186262	0	0	0	0	0	false	306338576	0	1	false	306338576	0	2	false	306338576	0	3	false	306338576	0	4	false	306338576	0	5	false	0	0	1	false	0	0	1	false	0	0	1	false	0	0	1	false	0	0	1	false	0	0	1	false	0	0	1	false	0	0	1	false	0	0	1	false	0	0	1	false	0	0	1	false	0	0	1	false	0	0	1	false	0	0	1	false	0	0	1
500188262	0	0	0	0	0	false	306338832	0	1	false	306338832	0	2	false	306338832	0	3	false	306338832	0	4	false	306339088	0	5	false	0	0	1	false	0	0	1	false	0	0	1	false	0	0	1	false	0	0	1	false	0	0	1	false	0	0	1	false	0	0	1	false	0	0	1	false	0	0	1	false	0	0	1	false	0	0	1	false	0	0	1	false	0	0	1	false	0	0	1
500190262	0	0	0	0	0	false	306339088	0	1	false	306339088	0	2	false	306339088	0	3	false	306339088	0	4	false	306339088	0	5	false	0	0	1	false	0	0	1	false	0	0	1	false	0	0	1	false	0	0	1	false	0	0	1	false	0	0	1	false	0	0	1	false	0	0	1	false	0	0	1	false	0	0	1	false	0	0	1	false	0	0	1	false	0	0	1	false	0	0	1
500182464	0	0	0	0	0	false	306354464	0	1	false	306354464	0	2	false	306354464	0	3	false	306354464	0	4	false	306354464	0	5	false	0	0	1	false	0	0	1	false	0	0	1	false	0	0	1	false	0	0	1	false	0	0	1	false	0	0	1	false	0	0	1	false	0	0	1	false	0	0	1	false	0	0	1	false	0	0	1	false	0	0	1	false	0	0	1	false	0	0	1
500184464	0	0	0	0	0	false	306354720	0	1	false	306354720	0	2	false	306354720	0	3	false	306354720	0	4	false	306354720	0	5	false	0	0	1	false	0	0	1	false	0	0	1	false	0	0	1	false	0	0	1	false	0	0	1	false	0	0	1	false	0	0	1	false	0	0	1	false	0	0	1	false	0	0	1	false	0	0	1	false	0	0	1	false	0	0	1	false	0	0	1
500186464	0	0	0	0	0	false	306354976	0	1	false	306354976	0	2	false	306354976	0	3	false	306354976	0	4	false	306354976	0	5	false	0	0	1	false	0	0	1	false	0	0	1	false	0	0	1	false	0	0	1	false	0	0	1	false	0	0	1	false	0	0	1	false	0	0	1	false	0	0	1	false	0	0	1	false	0	0	1	false	0	0	1	false	0	0	1	false	0	0	1
500188464	0	0	0	0	0	false	306355232	0	1	false	306355232	0	2	false	306355232	0	3	false	306355232	0	4	false	306355488	0	5	false	0	0	1	false	0	0	1	false	0	0	1	false	0	0	1	false	0	0	1	false	0	0	1	false	0	0	1	false	0	0	1	false	0	0	1	false	0	0	1	false	0	0	1	false	0	0	1	false	0	0	1	false	0	0	1	false	0	0	1
500190464	0	0	0	0	0	false	306355488	0	1	false	306355488	0	2	false	306355488	0	3	false	306355488	0	4	false	306355488	0	5	false	0	0	1	false	0	0	1	false	0	0	1	false	0	0	1	false	0	0	1	false	0	0	1	false	0	0	1	false	0	0	1	false	0	0	1	false	0	0	1	false	0	0	1	false	0	0	1	false	0	0	1	false	0	0	1	false	0	0	1
500182264	0	0	0	0	0	false	306338080	0	1	false	306338080	0	2	false	306338080	0	3	false	306338080	0	4	false	306338080	0	5	false	0	0	1	false	0	0	1	false	0	0	1	false	0	0	1	false	0	0	1	false	0	0	1	false	0	0	1	false	0	0	1	false	0	0	1	false	0	0	1	false	0	0	1	false	0	0	1	false	0	0	1	false	0	0	1	false	0	0	1
500184264	0	0	0	0	0	false	306338336	0	1	false	306338336	0	2	false	306338336	0	3	false	306338336	0	4	false	306338336	0	5	false	0	0	1	false	0	0	1	false	0	0	1	false	0	0	1	false	0	0	1	false	0	0	1	false	0	0	1	false	0	0	1	false	0	0	1	false	0	0	1	false	0	0	1	false	0	0	1	false	0	0	1	false	0	0	1	false	0	0	1
500186264	0	0	0	0	0	false	306338592	0	1	false	306338592	0	2	false	306338592	0	3	false	306338592	0	4	false	306338592	0	5	false	0	0	1	false	0	0	1	false	0	0	1	false	0	0	1	false	0	0	1	false	0	0	1	false	0	0	1	false	0	0	1	false	0	0	1	false	0	0	1	false	0	0	1	false	0	0	1	false	0	0	1	false	0	0	1	false	0	0	1
500188264	0	0	0	0	0	false	306338848	0	1	false	306338848	0	2	false	306338848	0	3	false	306338848	0	4	false	306339104	0	5	false	0	0	1	false	0	0	1	false	0	0	1	false	0	0	1	false	0	0	1	false	0	0	1	false	0	0	1	false	0	0	1	false	0	0	1	false	0	0	1	false	0	0	1	false	0	0	1	false	0	0	1	false	0	0	1	false	0	0	1
500190264	0	0	0	0	0	false	306339104	0	1	false	306339104	0	2	false	306339104	0	3	false	306339104	0	4	false	306339104	0	5	false	0	0	1	false	0	0	1	false	0	0	1	false	0	0	1	false	0	0	1	false	0	0	1	false	0	0	1	false	0	0	1	false	0	0	1	false	0	0	1	false	0	0	1	false	0	0	1	false	0	0	1	false	0	0	1	false	0	0	1
500182466	0	0	0	0	0	false	306354480	0	1	false	306354480	0	2	false	306354480	0	3	false	306354480	0	4	false	306354480	0	5	false	0	0	1	false	0	0	1	false	0	0	1	false	0	0	1	false	0	0	1	false	0	0	1	false	0	0	1	false	0	0	1	false	0	0	1	false	0	0	1	false	0	0	1	false	0	0	1	false	0	0	1	false	0	0	1	false	0	0	1
500184466	0	0	0	0	0	false	306354736	0	1	false	306354736	0	2	false	306354736	0	3	false	306354736	0	4	false	306354736	0	5	false	0	0	1	false	0	0	1	false	0	0	1	false	0	0	1	false	0	0	1	false	0	0	1	false	0	0	1	false	0	0	1	false	0	0	1	false	0	0	1	false	0	0	1	false	0	0	1	false	0	0	1	false	0	0	1	false	0	0	1
500186466	0	0	0	0	0	false	306354992	0	1	false	306354992	0	2	false	306354992	0	3	false	306354992	0	4	false	306354992	0	5	false	0	0	1	false	0	0	1	false	0	0	1	false	0	0	1	false	0	0	1	false	0	0	1	false	0	0	1	false	0	0	1	false	0	0	1	false	0	0	1	false	0	0	1	false	0	0	1	false	0	0	1	false	0	0	1	false	0	0	1
500188466	0	0	0	0	0	false	306355248	0	1	false	306355248	0	2	false	306355248	0	3	false	306355248	0	4	false	306355504	0	5	false	0	0	1	false	0	0	1	false	0	0	1	false	0	0	1	false	0	0	1	false	0	0	1	false	0	0	1	false	0	0	1	false	0	0	1	false	0	0	1	false	0	0	1	false	0	0	1	false	0	0	1	false	0	0	1	false	0	0	1
500190466	0	0	0	0	0	false	306355504	0	1	false	306355504	0	2	false	306355504	0	3	false	306355504	0	4	false	306355504	0	5	false	0	0	1	false	0	0	1	false	0	0	1	false	0	0	1	false	0	0	1	false	0	0	1	false	0	0	1	false	0	0	1	false	0	0	1	false	0	0	1	false	0	0	1	false	0	0	1	false	0	0	1	false	0	0	1	false	0	0	1
500182266	0	0	0	0	0	false	306338096	0	1	false	306338096	0	2	false	306338096	0	3	false	306338096	0	4	false	306338096	0	5	false	0	0	1	false	0	0	1	false	0	0	1	false	0	0	1	false	0	0	1	false	0	0	1	false	0	0	1	false	0	0	1	false	0	0	1	false	0	0	1	false	0	0	1	false	0	0	1	false	0	0	1	false	0	0	1	false	0	0	1
500184266	0	0	0	0	0	false	306338352	0	1	false	306338352	0	2	false	306338352	0	3	false	306338352	0	4	false	306338352	0	5	false	0	0	1	false	0	0	1	false	0	0	1	false	0	0	1	false	0	0	1	false	0	0	1	false	0	0	1	false	0	0	1	false	0	0	1	false	0	0	1	false	0	0	1	false	0	0	1	false	0	0	1	false	0	0	1	false	0	0	1
500186266	0	0	0	0	0	false	306338608	0	1	false	306338608	0	2	false	306338608	0	3	false	306338608	0	4	false	306338608	0	5	false	0	0	1	false	0	0	1	false	0	0	1	false	0	0	1	false	0	0	1	false	0	0	1	false	0	0	1	false	0	0	1	false	0	0	1	false	0	0	1	false	0	0	1	false	0	0	1	false	0	0	1	false	0	0	1	false	0	0	1
500188266	0	0	0	0	0	false	306338864	0	1	false	306338864	0	2	false	306338864	0	3	false	306338864	0	4	false	306339120	0	5	false	0	0	1	false	0	0	1	false	0	0	1	false	0	0	1	false	0	0	1	false	0	0	1	false	0	0	1	false	0	0	1	false	0	0	1	false	0	0	1	false	0	0	1	false	0	0	1	false	0	0	1	false	0	0	1	false	0	0	1
500190266	0	0	0	0	0	false	306339120	0	1	false	306339120	0	2	false	306339120	0	3	false	306339120	0	4	false	306339120	0	5	false	0	0	1	false	0	0	1	false	0	0	1	false	0	0	1	false	0	0	1	false	0	0	1	false	0	0	1	false	0	0	1	false	0	0	1	false	0	0	1	false	0	0	1	false	0	0	1	false	0	0	1	false	0	0	1	false	0	0	1
159383553	0	0	0	0	0	false	268439554	0	1	false	268439554	0	2	false	268439554	0	3	false	268439554	0	4	false	268439554	0	5	false	0	0	1	false	0	0	1	false	0	0	1	false	0	0	1	false	0	0	1	false	0	0	1	false	0	0	1	false	0	0	1	false	0	0	1	false	0	0	1	false	0	0	1	false	0	0	1	false	0	0	1	false	0	0	1	false	0	0	1
159383554	0	0	0	0	0	false	268439555	0	1	false	268439555	0	2	false	268439555	0	3	false	268439555	0	4	false	268439555	0	5	false	0	0	1	false	0	0	1	false	0	0	1	false	0	0	1	false	0	0	1	false	0	0	1	false	0	0	1	false	0	0	1	false	0	0	1	false	0	0	1	false	0	0	1	false	0	0	1	false	0	0	1	false	0	0	1	false	0	0	1
159383555	0	0	0	0	0	false	268439556	0	1	false	268439556	0	2	false	268439556	0	3	false	268439556	0	4	false	268439556	0	5	false	0	0	1	false	0	0	1	false	0	0	1	false	0	0	1	false	0	0	1	false	0	0	1	false	0	0	1	false	0	0	1	false	0	0	1	false	0	0	1	false	0	0	1	false	0	0	1	false	0	0	1	false	0	0	1	false	0	0	1
159383556	0	0	0	0	0	false	268439557	0	1	false	268439557	0	2	false	268439557	0	3	false	268439557	0	4	false	268439557	0	5	false	0	0	1	false	0	0	1	false	0	0	1	false	0	0	1	false	0	0	1	false	0	0	1	false	0	0	1	false	0	0	1	false	0	0	1	false	0	0	1	false	0	0	1	false	0	0	1	false	0	0	1	false	0	0	1	false	0	0	1
159383557	0	0	0	0	0	false	268439558	0	1	false	268439558	0	2	false	268439558	0	3	false	268439558	0	4	false	268439558	0	5	false	0	0	1	false	0	0	1	false	0	0	1	false	0	0	1	false	0	0	1	false	0	0	1	false	0	0	1	false	0	0	1	false	0	0	1	false	0	0	1	false	0	0	1	false	0	0	1	false	0	0	1	false	0	0	1	false	0	0	1
159383558	0	0	0	0	0	false	268439559	0	1	false	268439559	0	2	false	268439559	0	3	false	268439559	0	4	false	268439559	0	5	false	0	0	1	false	0	0	1	false	0	0	1	false	0	0	1	false	0	0	1	false	0	0	1	false	0	0	1	false	0	0	1	false	0	0	1	false	0	0	1	false	0	0	1	false	0	0	1	false	0	0	1	false	0	0	1	false	0	0	1
500140220	0	0	0	0	0	true	500162422	0	0	true	500162222	0	0	true	500162622	0	0	true	0	0	0	true	0	0	0	true	0	0	0	true	0	0	0	true	0	0	0	true	0	0	0	true	0	0	0	true	0	0	0	true	0	0	0	true	0	0	0	true	0	0	0	true	0	0	0	true	0	0	0	true	0	0	0	true	0	0	0	true	0	0	0	true	0	0	0
500140240	0	0	0	0	0	true	500162424	0	0	true	500162224	0	0	true	500162624	0	0	true	0	0	0	true	0	0	0	true	0	0	0	true	0	0	0	true	0	0	0	true	0	0	0	true	0	0	0	true	0	0	0	true	0	0	0	true	0	0	0	true	0	0	0	true	0	0	0	true	0	0	0	true	0	0	0	true	0	0	0	true	0	0	0	true	0	0	0
500140260	0	0	0	0	0	true	500162426	0	0	true	500162226	0	0	true	500162626	0	0	true	0	0	0	true	0	0	0	true	0	0	0	true	0	0	0	true	0	0	0	true	0	0	0	true	0	0	0	true	0	0	0	true	0	0	0	true	0	0	0	true	0	0	0	true	0	0	0	true	0	0	0	true	0	0	0	true	0	0	0	true	0	0	0	true	0	0	0
500140420	0	0	0	0	0	true	500162442	0	0	true	500162242	0	0	true	500162642	0	0	true	0	0	0	true	0	0	0	true	0	0	0	true	0	0	0	true	0	0	0	true	0	0	0	true	0	0	0	true	0	0	0	true	0	0	0	true	0	0	0	true	0	0	0	true	0	0	0	true	0	0	0	true	0	0	0	true	0	0	0	true	0	0	0	true	0	0	0
500140440	0	0	0	0	0	true	500162444	0	0	true	500162244	0	0	true	500162644	0	0	true	0	0	0	true	0	0	0	true	0	0	0	true	0	0	0	true	0	0	0	true	0	0	0	true	0	0	0	true	0	0	0	true	0	0	0	true	0	0	0	true	0	0	0	true	0	0	0	true	0	0	0	true	0	0	0	true	0	0	0	true	0	0	0	true	0	0	0
500140460	0	0	0	0	0	true	500162446	0	0	true	500162246	0	0	true	500162646	0	0	true	0	0	0	true	0	0	0	true	0	0	0	true	0	0	0	true	0	0	0	true	0	0	0	true	0	0	0	true	0	0	0	true	0	0	0	true	0	0	0	true	0	0	0	true	0	0	0	true	0	0	0	true	0	0	0	true	0	0	0	true	0	0	0	true	0	0	0
500140620	0	0	0	0	0	true	500162462	0	0	true	500162262	0	0	true	500162662	0	0	true	0	0	0	true	0	0	0	true	0	0	0	true	0	0	0	true	0	0	0	true	0	0	0	true	0	0	0	true	0	0	0	true	0	0	0	true	0	0	0	true	0	0	0	true	0	0	0	true	0	0	0	true	0	0	0	true	0	0	0	true	0	0	0	true	0	0	0
500140640	0	0	0	0	0	true	500162464	0	0	true	500162264	0	0	true	500162664	0	0	true	0	0	0	true	0	0	0	true	0	0	0	true	0	0	0	true	0	0	0	true	0	0	0	true	0	0	0	true	0	0	0	true	0	0	0	true	0	0	0	true	0	0	0	true	0	0	0	true	0	0	0	true	0	0	0	true	0	0	0	true	0	0	0	true	0	0	0
500140660	0	0	0	0	0	true	500162466	0	0	true	500162266	0	0	true	500162666	0	0	true	0	0	0	true	0	0	0	true	0	0	0	true	0	0	0	true	0	0	0	true	0	0	0	true	0	0	0	true	0	0	0	true	0	0	0	true	0	0	0	true	0	0	0	true	0	0	0	true	0	0	0	true	0	0	0	true	0	0	0	true	0	0	0	true	0	0	0
500122000	0	0	0	0	0	true	500140220	0	0	true	500140420	0	0	true	500140620	0	0	true	0	0	0	true	0	0	0	true	0	0	0	true	0	0	0	true	0	0	0	true	0	0	0	true	0	0	0	true	0	0	0	true	0	0	0	true	0	0	0	true	0	0	0	true	0	0	0	true	0	0	0	true	0	0	0	true	0	0	0	true	0	0	0	true	0	0	0
500124000	0	0	0	0	0	true	500140240	0	0	true	500140440	0	0	true	500140640	0	0	true	0	0	0	true	0	0	0	true	0	0	0	true	0	0	0	true	0	0	0	true	0	0	0	true	0	0	0	true	0	0	0	true	0	0	0	true	0	0	0	true	0	0	0	true	0	0	0	true	0	0	0	true	0	0	0	true	0	0	0	true	0	0	0	true	0	0	0
500126000	0	0	0	0	0	true	500140260	0	0	true	500140460	0	0	true	500140660	0	0	true	0	0	0	true	0	0	0	true	0	0	0	true	0	0	0	true	0	0	0	true	0	0	0	true	0	0	0	true	0	0	0	true	0	0	0	true	0	0	0	true	0	0	0	true	0	0	0	true	0	0	0	true	0	0	0	true	0	0	0	true	0	0	0	true	0	0	0
500201501	0	0	0	0	0	false	347259016	0	1	false	347259016	0	2	false	347259016	0	3	false	347259016	0	4	false	347259016	0	5	true	0	0	0	true	0	0	0	true	0	0	0	true	0	0	0	true	0	0	0	true	0	0	0	true	0	0	0	true	0	0	0	true	0	0	0	true	0	0	0	true	0	0	0	true	0	0	0	true	0	0	0	true	0	0	0	true	0	0	0
500201502	0	0	0	0	0	false	347259144	0	1	false	347259144	0	2	false	347259144	0	3	false	347259144	0	4	false	347259144	0	5	true	0	0	0	true	0	0	0	true	0	0	0	true	0	0	0	true	0	0	0	true	0	0	0	true	0	0	0	true	0	0	0	true	0	0	0	true	0	0	0	true	0	0	0	true	0	0	0	true	0	0	0	true	0	0	0	true	0	0	0
500201503	0	0	0	0	0	false	347259272	0	1	false	347259272	0	2	false	347259272	0	3	false	347259272	0	4	false	347259272	0	5	true	0	0	0	true	0	0	0	true	0	0	0	true	0	0	0	true	0	0	0	true	0	0	0	true	0	0	0	true	0	0	0	true	0	0	0	true	0	0	0	true	0	0	0	true	0	0	0	true	0	0	0	true	0	0	0	true	0	0	0
500201504	0	0	0	0	0	false	347259400	0	1	false	347259400	0	2	false	347259400	0	3	false	347259400	0	4	false	347259400	0	5	true	0	0	0	true	0	0	0	true	0	0	0	true	0	0	0	true	0	0	0	true	0	0	0	true	0	0	0	true	0	0	0	true	0	0	0	true	0	0	0	true	0	0	0	true	0	0	0	true	0	0	0	true	0	0	0	true	0	0	0
500201505	0	0	0	0	0	false	347259528	0	1	false	347259528	0	2	false	347259528	0	3	false	347259528	0	4	false	347259528	0	5	true	0	0	0	true	0	0	0	true	0	0	0	true	0	0	0	true	0	0	0	true	0	0	0	true	0	0	0	true	0	0	0	true	0	0	0	true	0	0	0	true	0	0	0	true	0	0	0	true	0	0	0	true	0	0	0	true	0	0	0
500201506	0	0	0	0	0	false	347259656	0	1	false	347259656	0	2	false	347259656	0	3	false	347259656	0	4	false	347259656	0	5	true	0	0	0	true	0	0	0	true	0	0	0	true	0	0	0	true	0	0	0	true	0	0	0	true	0	0	0	true	0	0	0	true	0	0	0	true	0	0	0	true	0	0	0	true	0	0	0	true	0	0	0	true	0	0	0	true	0	0	0
500201507	0	0	0	0	0	false	347259784	0	1	false	347259784	0	2	false	347259784	0	3	false	347259784	0	4	false	347259784	0	5	true	0	0	0	true	0	0	0	true	0	0	0	true	0	0	0	true	0	0	0	true	0	0	0	true	0	0	0	true	0	0	0	true	0	0	0	true	0	0	0	true	0	0	0	true	0	0	0	true	0	0	0	true	0	0	0	true	0	0	0
500201508	0	0	0	0	0	false	347259912	0	1	false	347259912	0	2	false	347259912	0	3	false	347259912	0	4	false	347259912	0	5	true	0	0	0	true	0	0	0	true	0	0	0	true	0	0	0	true	0	0	0	true	0	0	0	true	0	0	0	true	0	0	0	true	0	0	0	true	0	0	0	true	0	0	0	true	0	0	0	true	0	0	0	true	0	0	0	true	0	0	0
500201509	0	0	0	0	0	false	347260040	0	1	false	347260040	0	2	false	347260040	0	3	false	347260040	0	4	false	347260040	0	5	true	0	0	0	true	0	0	0	true	0	0	0	true	0	0	0	true	0	0	0	true	0	0	0	true	0	0	0	true	0	0	0	true	0	0	0	true	0	0	0	true	0	0	0	true	0	0	0	true	0	0	0	true	0	0	0	true	0	0	0
500201510	0	0	0	0	0	false	347260168	0	1	false	347260168	0	2	false	347260168	0	3	false	347260168	0	4	false	347260168	0	5	true	0	0	0	true	0	0	0	true	0	0	0	true	0	0	0	true	0	0	0	true	0	0	0	true	0	0	0	true	0	0	0	true	0	0	0	true	0	0	0	true	0	0	0	true	0	0	0	true	0	0	0	true	0	0	0	true	0	0	0
500201511	0	0	0	0	0	false	347260296	0	1	false	347260296	0	2	false	347260296	0	3	false	347260296	0	4	false	347260296	0	5	true	0	0	0	true	0	0	0	true	0	0	0	true	0	0	0	true	0	0	0	true	0	0	0	true	0	0	0	true	0	0	0	true	0	0	0	true	0	0	0	true	0	0	0	true	0	0	0	true	0	0	0	true	0	0	0	true	0	0	0
500206501	0	0	0	0	0	true	500201507	0	0	true	500201508	0	0	true	500201509	0	0	true	500201510	0	0	true	500201511	0	0	true	0	0	0	true	0	0	0	true	0	0	0	true	0	0	0	true	0	0	0	true	0	0	0	true	0	0	0	true	0	0	0	true	0	0	0	true	0	0	0	true	0	0	0	true	0	0	0	true	0	0	0	true	0	0	0	true	0	0	0
500206502	0	0	0	0	0	true	500201501	0	0	true	500201502	0	0	true	500201503	0	0	true	500201504	0	0	true	500201505	0	0	true	500201506	0	0	true	0	0	0	true	0	0	0	true	0	0	0	true	0	0	0	true	0	0	0	true	0	0	0	true	0	0	0	true	0	0	0	true	0	0	0	true	0	0	0	true	0	0	0	true	0	0	0	true	0	0	0	true	0	0	0
500320201	0	0	0	0	0	false	336086272	0	1	false	268442037	0	1	true	500308201	0	0	true	0	0	0	true	0	0	0	true	0	0	0	true	0	0	0	true	0	0	0	true	0	0	0	true	0	0	0	true	0	0	0	true	0	0	0	true	0	0	0	true	0	0	0	true	0	0	0	true	0	0	0	true	0	0	0	true	0	0	0	true	0	0	0	true	0	0	0
500320401	0	0	0	0	0	false	336086272	0	1	false	268442038	0	1	true	500308401	0	0	true	0	0	0	true	0	0	0	true	0	0	0	true	0	0	0	true	0	0	0	true	0	0	0	true	0	0	0	true	0	0	0	true	0	0	0	true	0	0	0	true	0	0	0	true	0	0	0	true	0	0	0	true	0	0	0	true	0	0	0	true	0	0	0	true	0	0	0
500320601	0	0	0	0	0	false	336086272	0	1	false	268442039	0	1	true	500308601	0	0	true	0	0	0	true	0	0	0	true	0	0	0	true	0	0	0	true	0	0	0	true	0	0	0	true	0	0	0	true	0	0	0	true	0	0	0	true	0	0	0	true	0	0	0	true	0	0	0	true	0	0	0	true	0	0	0	true	0	0	0	true	0	0	0	true	0	0	0
159383562	0	0	0	0	0	false	336086272	0	1	false	268442040	0	1	true	159383564	0	0	true	0	0	0	true	0	0	0	true	0	0	0	true	0	0	0	true	0	0	0	true	0	0	0	true	0	0	0	true	0	0	0	true	0	0	0	true	0	0	0	true	0	0	0	true	0	0	0	true	0	0	0	true	0	0	0	true	0	0	0	true	0	0	0	true	0	0	0
159383568	0	0	0	0	0	false	336086272	0	1	false	268452927	0	1	true	159383570	0	0	true	0	0	0	true	0	0	0	true	0	0	0	true	0	0	0	true	0	0	0	true	0	0	0	true	0	0	0	true	0	0	0	true	0	0	0	true	0	0	0	true	0	0	0	true	0	0	0	true	0	0	0	true	0	0	0	true	0	0	0	true	0	0	0	true	0	0	0
500312201	0	0	0	0	0	false	336617728	0	1	false	336617728	0	2	false	336617728	0	3	false	336617728	0	4	false	336617728	0	5	false	0	0	0	false	0	0	0	false	0	0	0	false	0	0	0	false	0	0	0	false	0	0	0	false	0	0	0	false	0	0	0	false	0	0	0	false	0	0	0	false	0	0	0	false	0	0	0	false	0	0	0	false	0	0	0	false	0	0	0
500312401	0	0	0	0	0	false	336617984	0	1	false	336617984	0	2	false	336617984	0	3	false	336617984	0	4	false	336617984	0	5	false	0	0	0	false	0	0	0	false	0	0	0	false	0	0	0	false	0	0	0	false	0	0	0	false	0	0	0	false	0	0	0	false	0	0	0	false	0	0	0	false	0	0	0	false	0	0	0	false	0	0	0	false	0	0	0	false	0	0	0
500312601	0	0	0	0	0	false	336618240	0	1	false	336618240	0	2	false	336618240	0	3	false	336618240	0	4	false	336618240	0	5	false	0	0	0	false	0	0	0	false	0	0	0	false	0	0	0	false	0	0	0	false	0	0	0	false	0	0	0	false	0	0	0	false	0	0	0	false	0	0	0	false	0	0	0	false	0	0	0	false	0	0	0	false	0	0	0	false	0	0	0
159383563	0	0	0	0	0	false	336618496	0	1	false	336618496	0	2	false	336618496	0	3	false	336618496	0	4	false	336618496	0	5	false	0	0	0	false	0	0	0	false	0	0	0	false	0	0	0	false	0	0	0	false	0	0	0	false	0	0	0	false	0	0	0	false	0	0	0	false	0	0	0	false	0	0	0	false	0	0	0	false	0	0	0	false	0	0	0	false	0	0	0
159383569	0	0	0	0	0	false	268452926	0	1	false	268452926	0	2	false	268452926	0	3	false	268452926	0	4	false	268452926	0	5	false	0	0	0	false	0	0	0	false	0	0	0	false	0	0	0	false	0	0	0	false	0	0	0	false	0	0	0	false	0	0	0	false	0	0	0	false	0	0	0	false	0	0	0	false	0	0	0	false	0	0	0	false	0	0	0	false	0	0	0
500308201	0	0	0	0	0	false	336609536	0	1	false	336609536	0	2	false	336609536	0	3	false	336609536	0	4	false	336609536	0	5	false	0	0	0	false	0	0	0	false	0	0	0	false	0	0	0	false	0	0	0	false	0	0	0	false	0	0	0	false	0	0	0	false	0	0	0	false	0	0	0	false	0	0	0	false	0	0	0	false	0	0	0	false	0	0	0	false	0	0	0
500308401	0	0	0	0	0	false	336609792	0	1	false	336609792	0	2	false	336609792	0	3	false	336609792	0	4	false	336609792	0	5	false	0	0	0	false	0	0	0	false	0	0	0	false	0	0	0	false	0	0	0	false	0	0	0	false	0	0	0	false	0	0	0	false	0	0	0	false	0	0	0	false	0	0	0	false	0	0	0	false	0	0	0	false	0	0	0	false	0	0	0
500308601	0	0	0	0	0	false	336610048	0	1	false	336610048	0	2	false	336610048	0	3	false	336610048	0	4	false	336610048	0	5	false	0	0	0	false	0	0	0	false	0	0	0	false	0	0	0	false	0	0	0	false	0	0	0	false	0	0	0	false	0	0	0	false	0	0	0	false	0	0	0	false	0	0	0	false	0	0	0	false	0	0	0	false	0	0	0	false	0	0	0
159383564	0	0	0	0	0	false	336610304	0	1	false	336610304	0	2	false	336610304	0	3	false	336610304	0	4	false	336610304	0	5	false	0	0	0	false	0	0	0	false	0	0	0	false	0	0	0	false	0	0	0	false	0	0	0	false	0	0	0	false	0	0	0	false	0	0	0	false	0	0	0	false	0	0	0	false	0	0	0	false	0	0	0	false	0	0	0	false	0	0	0
159383570	0	0	0	0	0	false	268452928	0	1	false	268452928	0	2	false	268452928	0	3	false	268452928	0	4	false	268452928	0	5	false	0	0	0	false	0	0	0	false	0	0	0	false	0	0	0	false	0	0	0	false	0	0	0	false	0	0	0	false	0	0	0	false	0	0	0	false	0	0	0	false	0	0	0	false	0	0	0	false	0	0	0	false	0	0	0	false	0	0	0
500700010	0	0	0	0	0	false	337903617	0	1	true	0	0	0	true	0	0	0	true	0	0	0	true	0	0	0	true	0	0	0	true	0	0	0	true	0	0	0	true	0	0	0	true	0	0	0	true	0	0	0	true	0	0	0	true	0	0	0	true	0	0	0	true	0	0	0	true	0	0	0	true	0	0	0	true	0	0	0	true	0	0	0	true	0	0	0
500700020	0	0	0	0	0	false	337903617	0	2	true	0	0	0	true	0	0	0	true	0	0	0	true	0	0	0	true	0	0	0	true	0	0	0	true	0	0	0	true	0	0	0	true	0	0	0	true	0	0	0	true	0	0	0	true	0	0	0	true	0	0	0	true	0	0	0	true	0	0	0	true	0	0	0	true	0	0	0	true	0	0	0	true	0	0	0
500700030	0	0	0	0	0	false	337903617	0	3	true	0	0	0	true	0	0	0	true	0	0	0	true	0	0	0	true	0	0	0	true	0	0	0	true	0	0	0	true	0	0	0	true	0	0	0	true	0	0	0	true	0	0	0	true	0	0	0	true	0	0	0	true	0	0	0	true	0	0	0	true	0	0	0	true	0	0	0	true	0	0	0	true	0	0	0
500700040	0	0	0	0	0	false	337903617	0	4	true	0	0	0	true	0	0	0	true	0	0	0	true	0	0	0	true	0	0	0	true	0	0	0	true	0	0	0	true	0	0	0	true	0	0	0	true	0	0	0	true	0	0	0	true	0	0	0	true	0	0	0	true	0	0	0	true	0	0	0	true	0	0	0	true	0	0	0	true	0	0	0	true	0	0	0
500700050	0	0	0	0	0	false	337903617	0	5	true	0	0	0	true	0	0	0	true	0	0	0	true	0	0	0	true	0	0	0	true	0	0	0	true	0	0	0	true	0	0	0	true	0	0	0	true	0	0	0	true	0	0	0	true	0	0	0	true	0	0	0	true	0	0	0	true	0	0	0	true	0	0	0	true	0	0	0	true	0	0	0	true	0	0	0
500700060	0	0	0	0	0	false	337903617	0	6	true	0	0	0	true	0	0	0	true	0	0	0	true	0	0	0	true	0	0	0	true	0	0	0	true	0	0	0	true	0	0	0	true	0	0	0	true	0	0	0	true	0	0	0	true	0	0	0	true	0	0	0	true	0	0	0	true	0	0	0	true	0	0	0	true	0	0	0	true	0	0	0	true	0	0	0
500700070	0	0	0	0	0	false	337903617	0	7	true	0	0	0	true	0	0	0	true	0	0	0	true	0	0	0	true	0	0	0	true	0	0	0	true	0	0	0	true	0	0	0	true	0	0	0	true	0	0	0	true	0	0	0	true	0	0	0	true	0	0	0	true	0	0	0	true	0	0	0	true	0	0	0	true	0	0	0	true	0	0	0	true	0	0	0
500700080	0	0	0	0	0	false	337903617	0	8	true	0	0	0	true	0	0	0	true	0	0	0	true	0	0	0	true	0	0	0	true	0	0	0	true	0	0	0	true	0	0	0	true	0	0	0	true	0	0	0	true	0	0	0	true	0	0	0	true	0	0	0	true	0	0	0	true	0	0	0	true	0	0	0	true	0	0	0	true	0	0	0	true	0	0	0
500700090	0	0	0	0	0	false	337903617	0	9	true	0	0	0	true	0	0	0	true	0	0	0	true	0	0	0	true	0	0	0	true	0	0	0	true	0	0	0	true	0	0	0	true	0	0	0	true	0	0	0	true	0	0	0	true	0	0	0	true	0	0	0	true	0	0	0	true	0	0	0	true	0	0	0	true	0	0	0	true	0	0	0	true	0	0	0
500700100	0	0	0	0	0	false	337903617	0	10	true	0	0	0	true	0	0	0	true	0	0	0	true	0	0	0	true	0	0	0	true	0	0	0	true	0	0	0	true	0	0	0	true	0	0	0	true	0	0	0	true	0	0	0	true	0	0	0	true	0	0	0	true	0	0	0	true	0	0	0	true	0	0	0	true	0	0	0	true	0	0	0	true	0	0	0
159383572	0	0	0	0	0	false	268466480	0	1	false	268466481	0	1	false	268466482	0	1	false	268466484	0	1	false	0	0	0	false	0	0	0	false	0	0	0	false	0	0	0	false	0	0	0	false	0	0	0	false	0	0	0	false	0	0	0	false	0	0	0	false	0	0	0	false	0	0	0	false	0	0	0	false	0	0	0	false	0	0	0	false	0	0	0	false	0	0	0
500500010	0	0	0	0	0	false	268470051	0	1	true	0	0	0	true	0	0	0	true	0	0	0	true	0	0	0	true	0	0	0	true	0	0	0	true	0	0	0	true	0	0	0	true	0	0	0	true	0	0	0	true	0	0	0	true	0	0	0	true	0	0	0	true	0	0	0	true	0	0	0	true	0	0	0	true	0	0	0	true	0	0	0	true	0	0	0
500500020	0	0	0	0	0	false	268475007	0	1	true	0	0	0	true	0	0	0	true	0	0	0	true	0	0	0	true	0	0	0	true	0	0	0	true	0	0	0	true	0	0	0	true	0	0	0	true	0	0	0	true	0	0	0	true	0	0	0	true	0	0	0	true	0	0	0	true	0	0	0	true	0	0	0	true	0	0	0	true	0	0	0	true	0	0	0
500500030	0	0	0	0	0	false	268475008	0	1	true	0	0	0	true	0	0	0	true	0	0	0	true	0	0	0	true	0	0	0	true	0	0	0	true	0	0	0	true	0	0	0	true	0	0	0	true	0	0	0	true	0	0	0	true	0	0	0	true	0	0	0	true	0	0	0	true	0	0	0	true	0	0	0	true	0	0	0	true	0	0	0	true	0	0	0
500500040	0	0	0	0	0	false	268475009	0	1	true	0	0	0	true	0	0	0	true	0	0	0	true	0	0	0	true	0	0	0	true	0	0	0	true	0	0	0	true	0	0	0	true	0	0	0	true	0	0	0	true	0	0	0	true	0	0	0	true	0	0	0	true	0	0	0	true	0	0	0	true	0	0	0	true	0	0	0	true	0	0	0	true	0	0	0
500500050	0	0	0	0	0	false	268470052	0	1	true	0	0	0	true	0	0	0	true	0	0	0	true	0	0	0	true	0	0	0	true	0	0	0	true	0	0	0	true	0	0	0	true	0	0	0	true	0	0	0	true	0	0	0	true	0	0	0	true	0	0	0	true	0	0	0	true	0	0	0	true	0	0	0	true	0	0	0	true	0	0	0	true	0	0	0
500500060	0	0	0	0	0	false	268480053	0	1	true	0	0	0	true	0	0	0	true	0	0	0	true	0	0	0	true	0	0	0	true	0	0	0	true	0	0	0	true	0	0	0	true	0	0	0	true	0	0	0	true	0	0	0	true	0	0	0	true	0	0	0	true	0	0	0	true	0	0	0	true	0	0	0	true	0	0	0	true	0	0	0	true	0	0	0
500500070	0	0	0	0	0	false	268475011	0	1	true	0	0	0	true	0	0	0	true	0	0	0	true	0	0	0	true	0	0	0	true	0	0	0	true	0	0	0	true	0	0	0	true	0	0	0	true	0	0	0	true	0	0	0	true	0	0	0	true	0	0	0	true	0	0	0	true	0	0	0	true	0	0	0	true	0	0	0	true	0	0	0	true	0	0	0
500500080	0	0	0	0	0	false	268475012	0	1	true	0	0	0	true	0	0	0	true	0	0	0	true	0	0	0	true	0	0	0	true	0	0	0	true	0	0	0	true	0	0	0	true	0	0	0	true	0	0	0	true	0	0	0	true	0	0	0	true	0	0	0	true	0	0	0	true	0	0	0	true	0	0	0	true	0	0	0	true	0	0	0	true	0	0	0
500500090	0	0	0	0	0	false	268475013	0	1	true	0	0	0	true	0	0	0	true	0	0	0	true	0	0	0	true	0	0	0	true	0	0	0	true	0	0	0	true	0	0	0	true	0	0	0	true	0	0	0	true	0	0	0	true	0	0	0	true	0	0	0	true	0	0	0	true	0	0	0	true	0	0	0	true	0	0	0	true	0	0	0	true	0	0	0
500500100	0	0	0	0	0	false	268470053	0	1	true	0	0	0	true	0	0	0	true	0	0	0	true	0	0	0	true	0	0	0	true	0	0	0	true	0	0	0	true	0	0	0	true	0	0	0	true	0	0	0	true	0	0	0	true	0	0	0	true	0	0	0	true	0	0	0	true	0	0	0	true	0	0	0	true	0	0	0	true	0	0	0	true	0	0	0
500500110	0	0	0	0	0	false	268475014	0	1	true	0	0	0	true	0	0	0	true	0	0	0	true	0	0	0	true	0	0	0	true	0	0	0	true	0	0	0	true	0	0	0	true	0	0	0	true	0	0	0	true	0	0	0	true	0	0	0	true	0	0	0	true	0	0	0	true	0	0	0	true	0	0	0	true	0	0	0	true	0	0	0	true	0	0	0
500500120	0	0	0	0	0	false	268475015	0	1	true	0	0	0	true	0	0	0	true	0	0	0	true	0	0	0	true	0	0	0	true	0	0	0	true	0	0	0	true	0	0	0	true	0	0	0	true	0	0	0	true	0	0	0	true	0	0	0	true	0	0	0	true	0	0	0	true	0	0	0	true	0	0	0	true	0	0	0	true	0	0	0	true	0	0	0
500500130	0	0	0	0	0	false	268475016	0	1	true	0	0	0	true	0	0	0	true	0	0	0	true	0	0	0	true	0	0	0	true	0	0	0	true	0	0	0	true	0	0	0	true	0	0	0	true	0	0	0	true	0	0	0	true	0	0	0	true	0	0	0	true	0	0	0	true	0	0	0	true	0	0	0	true	0	0	0	true	0	0	0	true	0	0	0
500500140	0	0	0	0	0	false	268475017	0	1	true	0	0	0	true	0	0	0	true	0	0	0	true	0	0	0	true	0	0	0	true	0	0	0	true	0	0	0	true	0	0	0	true	0	0	0	true	0	0	0	true	0	0	0	true	0	0	0	true	0	0	0	true	0	0	0	true	0	0	0	true	0	0	0	true	0	0	0	true	0	0	0	true	0	0	0
500500150	0	0	0	0	0	false	268475018	0	1	true	0	0	0	true	0	0	0	true	0	0	0	true	0	0	0	true	0	0	0	true	0	0	0	true	0	0	0	true	0	0	0	true	0	0	0	true	0	0	0	true	0	0	0	true	0	0	0	true	0	0	0	true	0	0	0	true	0	0	0	true	0	0	0	true	0	0	0	true	0	0	0	true	0	0	0
500500160	0	0	0	0	0	false	268475019	0	1	true	0	0	0	true	0	0	0	true	0	0	0	true	0	0	0	true	0	0	0	true	0	0	0	true	0	0	0	true	0	0	0	true	0	0	0	true	0	0	0	true	0	0	0	true	0	0	0	true	0	0	0	true	0	0	0	true	0	0	0	true	0	0	0	true	0	0	0	true	0	0	0	true	0	0	0
500500170	0	0	0	0	0	false	268475020	0	1	true	0	0	0	true	0	0	0	true	0	0	0	true	0	0	0	true	0	0	0	true	0	0	0	true	0	0	0	true	0	0	0	true	0	0	0	true	0	0	0	true	0	0	0	true	0	0	0	true	0	0	0	true	0	0	0	true	0	0	0	true	0	0	0	true	0	0	0	true	0	0	0	true	0	0	0
500500180	0	0	0	0	0	false	268475021	0	1	true	0	0	0	true	0	0	0	true	0	0	0	true	0	0	0	true	0	0	0	true	0	0	0	true	0	0	0	true	0	0	0	true	0	0	0	true	0	0	0	true	0	0	0	true	0	0	0	true	0	0	0	true	0	0	0	true	0	0	0	true	0	0	0	true	0	0	0	true	0	0	0	true	0	0	0
500500190	0	0	0	0	0	false	268475022	0	1	true	0	0	0	true	0	0	0	true	0	0	0	true	0	0	0	true	0	0	0	true	0	0	0	true	0	0	0	true	0	0	0	true	0	0	0	true	0	0	0	true	0	0	0	true	0	0	0	true	0	0	0	true	0	0	0	true	0	0	0	true	0	0	0	true	0	0	0	true	0	0	0	true	0	0	0
500500200	0	0	0	0	0	false	268475023	0	1	true	0	0	0	true	0	0	0	true	0	0	0	true	0	0	0	true	0	0	0	true	0	0	0	true	0	0	0	true	0	0	0	true	0	0	0	true	0	0	0	true	0	0	0	true	0	0	0	true	0	0	0	true	0	0	0	true	0	0	0	true	0	0	0	true	0	0	0	true	0	0	0	true	0	0	0
500500210	0	0	0	0	0	false	268475024	0	1	true	0	0	0	true	0	0	0	true	0	0	0	true	0	0	0	true	0	0	0	true	0	0	0	true	0	0	0	true	0	0	0	true	0	0	0	true	0	0	0	true	0	0	0	true	0	0	0	true	0	0	0	true	0	0	0	true	0	0	0	true	0	0	0	true	0	0	0	true	0	0	0	true	0	0	0
500500220	0	0	0	0	0	false	268475025	0	1	true	0	0	0	true	0	0	0	true	0	0	0	true	0	0	0	true	0	0	0	true	0	0	0	true	0	0	0	true	0	0	0	true	0	0	0	true	0	0	0	true	0	0	0	true	0	0	0	true	0	0	0	true	0	0	0	true	0	0	0	true	0	0	0	true	0	0	0	true	0	0	0	true	0	0	0
500500230	0	0	0	0	0	false	268475026	0	1	true	0	0	0	true	0	0	0	true	0	0	0	true	0	0	0	true	0	0	0	true	0	0	0	true	0	0	0	true	0	0	0	true	0	0	0	true	0	0	0	true	0	0	0	true	0	0	0	true	0	0	0	true	0	0	0	true	0	0	0	true	0	0	0	true	0	0	0	true	0	0	0	true	0	0	0
500500240	0	0	0	0	0	false	268475027	0	1	true	0	0	0	true	0	0	0	true	0	0	0	true	0	0	0	true	0	0	0	true	0	0	0	true	0	0	0	true	0	0	0	true	0	0	0	true	0	0	0	true	0	0	0	true	0	0	0	true	0	0	0	true	0	0	0	true	0	0	0	true	0	0	0	true	0	0	0	true	0	0	0	true	0	0	0
500500250	0	0	0	0	0	false	268475028	0	1	true	0	0	0	true	0	0	0	true	0	0	0	true	0	0	0	true	0	0	0	true	0	0	0	true	0	0	0	true	0	0	0	true	0	0	0	true	0	0	0	true	0	0	0	true	0	0	0	true	0	0	0	true	0	0	0	true	0	0	0	true	0	0	0	true	0	0	0	true	0	0	0	true	0	0	0
500500260	0	0	0	0	0	false	268475029	0	1	true	0	0	0	true	0	0	0	true	0	0	0	true	0	0	0	true	0	0	0	true	0	0	0	true	0	0	0	true	0	0	0	true	0	0	0	true	0	0	0	true	0	0	0	true	0	0	0	true	0	0	0	true	0	0	0	true	0	0	0	true	0	0	0	true	0	0	0	true	0	0	0	true	0	0	0
500500270	0	0	0	0	0	false	268475030	0	1	true	0	0	0	true	0	0	0	true	0	0	0	true	0	0	0	true	0	0	0	true	0	0	0	true	0	0	0	true	0	0	0	true	0	0	0	true	0	0	0	true	0	0	0	true	0	0	0	true	0	0	0	true	0	0	0	true	0	0	0	true	0	0	0	true	0	0	0	true	0	0	0	true	0	0	0
500500280	0	0	0	0	0	false	268475031	0	1	true	0	0	0	true	0	0	0	true	0	0	0	true	0	0	0	true	0	0	0	true	0	0	0	true	0	0	0	true	0	0	0	true	0	0	0	true	0	0	0	true	0	0	0	true	0	0	0	true	0	0	0	true	0	0	0	true	0	0	0	true	0	0	0	true	0	0	0	true	0	0	0	true	0	0	0
500500290	0	0	0	0	0	false	268475032	0	1	true	0	0	0	true	0	0	0	true	0	0	0	true	0	0	0	true	0	0	0	true	0	0	0	true	0	0	0	true	0	0	0	true	0	0	0	true	0	0	0	true	0	0	0	true	0	0	0	true	0	0	0	true	0	0	0	true	0	0	0	true	0	0	0	true	0	0	0	true	0	0	0	true	0	0	0
500500300	0	0	0	0	0	false	268470054	0	1	true	0	0	0	true	0	0	0	true	0	0	0	true	0	0	0	true	0	0	0	true	0	0	0	true	0	0	0	true	0	0	0	true	0	0	0	true	0	0	0	true	0	0	0	true	0	0	0	true	0	0	0	true	0	0	0	true	0	0	0	true	0	0	0	true	0	0	0	true	0	0	0	true	0	0	0
500500310	0	0	0	0	0	false	268475033	0	1	true	0	0	0	true	0	0	0	true	0	0	0	true	0	0	0	true	0	0	0	true	0	0	0	true	0	0	0	true	0	0	0	true	0	0	0	true	0	0	0	true	0	0	0	true	0	0	0	true	0	0	0	true	0	0	0	true	0	0	0	true	0	0	0	true	0	0	0	true	0	0	0	true	0	0	0
500500320	0	0	0	0	0	false	268475034	0	1	true	0	0	0	true	0	0	0	true	0	0	0	true	0	0	0	true	0	0	0	true	0	0	0	true	0	0	0	true	0	0	0	true	0	0	0	true	0	0	0	true	0	0	0	true	0	0	0	true	0	0	0	true	0	0	0	true	0	0	0	true	0	0	0	true	0	0	0	true	0	0	0	true	0	0	0
500500330	0	0	0	0	0	false	268475035	0	1	true	0	0	0	true	0	0	0	true	0	0	0	true	0	0	0	true	0	0	0	true	0	0	0	true	0	0	0	true	0	0	0	true	0	0	0	true	0	0	0	true	0	0	0	true	0	0	0	true	0	0	0	true	0	0	0	true	0	0	0	true	0	0	0	true	0	0	0	true	0	0	0	true	0	0	0
500500340	0	0	0	0	0	false	268475036	0	1	true	0	0	0	true	0	0	0	true	0	0	0	true	0	0	0	true	0	0	0	true	0	0	0	true	0	0	0	true	0	0	0	true	0	0	0	true	0	0	0	true	0	0	0	true	0	0	0	true	0	0	0	true	0	0	0	true	0	0	0	true	0	0	0	true	0	0	0	true	0	0	0	true	0	0	0
500500350	0	0	0	0	0	false	268475037	0	1	true	0	0	0	true	0	0	0	true	0	0	0	true	0	0	0	true	0	0	0	true	0	0	0	true	0	0	0	true	0	0	0	true	0	0	0	true	0	0	0	true	0	0	0	true	0	0	0	true	0	0	0	true	0	0	0	true	0	0	0	true	0	0	0	true	0	0	0	true	0	0	0	true	0	0	0
500500360	0	0	0	0	0	false	268475038	0	1	true	0	0	0	true	0	0	0	true	0	0	0	true	0	0	0	true	0	0	0	true	0	0	0	true	0	0	0	true	0	0	0	true	0	0	0	true	0	0	0	true	0	0	0	true	0	0	0	true	0	0	0	true	0	0	0	true	0	0	0	true	0	0	0	true	0	0	0	true	0	0	0	true	0	0	0
500500370	0	0	0	0	0	false	268475039	0	1	true	0	0	0	true	0	0	0	true	0	0	0	true	0	0	0	true	0	0	0	true	0	0	0	true	0	0	0	true	0	0	0	true	0	0	0	true	0	0	0	true	0	0	0	true	0	0	0	true	0	0	0	true	0	0	0	true	0	0	0	true	0	0	0	true	0	0	0	true	0	0	0	true	0	0	0
500500380	0	0	0	0	0	false	268475040	0	1	true	0	0	0	true	0	0	0	true	0	0	0	true	0	0	0	true	0	0	0	true	0	0	0	true	0	0	0	true	0	0	0	true	0	0	0	true	0	0	0	true	0	0	0	true	0	0	0	true	0	0	0	true	0	0	0	true	0	0	0	true	0	0	0	true	0	0	0	true	0	0	0	true	0	0	0
500500390	0	0	0	0	0	false	268475041	0	1	true	0	0	0	true	0	0	0	true	0	0	0	true	0	0	0	true	0	0	0	true	0	0	0	true	0	0	0	true	0	0	0	true	0	0	0	true	0	0	0	true	0	0	0	true	0	0	0	true	0	0	0	true	0	0	0	true	0	0	0	true	0	0	0	true	0	0	0	true	0	0	0	true	0	0	0
500500400	0	0	0	0	0	false	268475042	0	1	true	0	0	0	true	0	0	0	true	0	0	0	true	0	0	0	true	0	0	0	true	0	0	0	true	0	0	0	true	0	0	0	true	0	0	0	true	0	0	0	true	0	0	0	true	0	0	0	true	0	0	0	true	0	0	0	true	0	0	0	true	0	0	0	true	0	0	0	true	0	0	0	true	0	0	0
500600010	0	0	0	0	0	false	268470051	0	1	true	0	0	0	true	0	0	0	true	0	0	0	true	0	0	0	true	0	0	0	true	0	0	0	true	0	0	0	true	0	0	0	true	0	0	0	true	0	0	0	true	0	0	0	true	0	0	0	true	0	0	0	true	0	0	0	true	0	0	0	true	0	0	0	true	0	0	0	true	0	0	0	true	0	0	0
500600020	0	0	0	0	0	false	268475007	0	1	true	0	0	0	true	0	0	0	true	0	0	0	true	0	0	0	true	0	0	0	true	0	0	0	true	0	0	0	true	0	0	0	true	0	0	0	true	0	0	0	true	0	0	0	true	0	0	0	true	0	0	0	true	0	0	0	true	0	0	0	true	0	0	0	true	0	0	0	true	0	0	0	true	0	0	0
500600030	0	0	0	0	0	false	268475008	0	1	true	0	0	0	true	0	0	0	true	0	0	0	true	0	0	0	true	0	0	0	true	0	0	0	true	0	0	0	true	0	0	0	true	0	0	0	true	0	0	0	true	0	0	0	true	0	0	0	true	0	0	0	true	0	0	0	true	0	0	0	true	0	0	0	true	0	0	0	true	0	0	0	true	0	0	0
500600040	0	0	0	0	0	false	268475009	0	1	true	0	0	0	true	0	0	0	true	0	0	0	true	0	0	0	true	0	0	0	true	0	0	0	true	0	0	0	true	0	0	0	true	0	0	0	true	0	0	0	true	0	0	0	true	0	0	0	true	0	0	0	true	0	0	0	true	0	0	0	true	0	0	0	true	0	0	0	true	0	0	0	true	0	0	0
500600050	0	0	0	0	0	false	268470052	0	1	true	0	0	0	true	0	0	0	true	0	0	0	true	0	0	0	true	0	0	0	true	0	0	0	true	0	0	0	true	0	0	0	true	0	0	0	true	0	0	0	true	0	0	0	true	0	0	0	true	0	0	0	true	0	0	0	true	0	0	0	true	0	0	0	true	0	0	0	true	0	0	0	true	0	0	0
500600060	0	0	0	0	0	false	268480053	0	1	true	0	0	0	true	0	0	0	true	0	0	0	true	0	0	0	true	0	0	0	true	0	0	0	true	0	0	0	true	0	0	0	true	0	0	0	true	0	0	0	true	0	0	0	true	0	0	0	true	0	0	0	true	0	0	0	true	0	0	0	true	0	0	0	true	0	0	0	true	0	0	0	true	0	0	0
500600070	0	0	0	0	0	false	268475011	0	1	true	0	0	0	true	0	0	0	true	0	0	0	true	0	0	0	true	0	0	0	true	0	0	0	true	0	0	0	true	0	0	0	true	0	0	0	true	0	0	0	true	0	0	0	true	0	0	0	true	0	0	0	true	0	0	0	true	0	0	0	true	0	0	0	true	0	0	0	true	0	0	0	true	0	0	0
500600080	0	0	0	0	0	false	268475012	0	1	true	0	0	0	true	0	0	0	true	0	0	0	true	0	0	0	true	0	0	0	true	0	0	0	true	0	0	0	true	0	0	0	true	0	0	0	true	0	0	0	true	0	0	0	true	0	0	0	true	0	0	0	true	0	0	0	true	0	0	0	true	0	0	0	true	0	0	0	true	0	0	0	true	0	0	0
500600090	0	0	0	0	0	false	268475013	0	1	true	0	0	0	true	0	0	0	true	0	0	0	true	0	0	0	true	0	0	0	true	0	0	0	true	0	0	0	true	0	0	0	true	0	0	0	true	0	0	0	true	0	0	0	true	0	0	0	true	0	0	0	true	0	0	0	true	0	0	0	true	0	0	0	true	0	0	0	true	0	0	0	true	0	0	0
500600100	0	0	0	0	0	false	268470053	0	1	true	0	0	0	true	0	0	0	true	0	0	0	true	0	0	0	true	0	0	0	true	0	0	0	true	0	0	0	true	0	0	0	true	0	0	0	true	0	0	0	true	0	0	0	true	0	0	0	true	0	0	0	true	0	0	0	true	0	0	0	true	0	0	0	true	0	0	0	true	0	0	0	true	0	0	0
500600110	0	0	0	0	0	false	268475014	0	1	true	0	0	0	true	0	0	0	true	0	0	0	true	0	0	0	true	0	0	0	true	0	0	0	true	0	0	0	true	0	0	0	true	0	0	0	true	0	0	0	true	0	0	0	true	0	0	0	true	0	0	0	true	0	0	0	true	0	0	0	true	0	0	0	true	0	0	0	true	0	0	0	true	0	0	0
500600120	0	0	0	0	0	false	268475015	0	1	true	0	0	0	true	0	0	0	true	0	0	0	true	0	0	0	true	0	0	0	true	0	0	0	true	0	0	0	true	0	0	0	true	0	0	0	true	0	0	0	true	0	0	0	true	0	0	0	true	0	0	0	true	0	0	0	true	0	0	0	true	0	0	0	true	0	0	0	true	0	0	0	true	0	0	0
500600130	0	0	0	0	0	false	268475016	0	1	true	0	0	0	true	0	0	0	true	0	0	0	true	0	0	0	true	0	0	0	true	0	0	0	true	0	0	0	true	0	0	0	true	0	0	0	true	0	0	0	true	0	0	0	true	0	0	0	true	0	0	0	true	0	0	0	true	0	0	0	true	0	0	0	true	0	0	0	true	0	0	0	true	0	0	0
500600140	0	0	0	0	0	false	268475017	0	1	true	0	0	0	true	0	0	0	true	0	0	0	true	0	0	0	true	0	0	0	true	0	0	0	true	0	0	0	true	0	0	0	true	0	0	0	true	0	0	0	true	0	0	0	true	0	0	0	true	0	0	0	true	0	0	0	true	0	0	0	true	0	0	0	true	0	0	0	true	0	0	0	true	0	0	0
500600150	0	0	0	0	0	false	268475018	0	1	true	0	0	0	true	0	0	0	true	0	0	0	true	0	0	0	true	0	0	0	true	0	0	0	true	0	0	0	true	0	0	0	true	0	0	0	true	0	0	0	true	0	0	0	true	0	0	0	true	0	0	0	true	0	0	0	true	0	0	0	true	0	0	0	true	0	0	0	true	0	0	0	true	0	0	0
500600160	0	0	0	0	0	false	268475019	0	1	true	0	0	0	true	0	0	0	true	0	0	0	true	0	0	0	true	0	0	0	true	0	0	0	true	0	0	0	true	0	0	0	true	0	0	0	true	0	0	0	true	0	0	0	true	0	0	0	true	0	0	0	true	0	0	0	true	0	0	0	true	0	0	0	true	0	0	0	true	0	0	0	true	0	0	0
500600170	0	0	0	0	0	false	268475020	0	1	true	0	0	0	true	0	0	0	true	0	0	0	true	0	0	0	true	0	0	0	true	0	0	0	true	0	0	0	true	0	0	0	true	0	0	0	true	0	0	0	true	0	0	0	true	0	0	0	true	0	0	0	true	0	0	0	true	0	0	0	true	0	0	0	true	0	0	0	true	0	0	0	true	0	0	0
500600180	0	0	0	0	0	false	268475021	0	1	true	0	0	0	true	0	0	0	true	0	0	0	true	0	0	0	true	0	0	0	true	0	0	0	true	0	0	0	true	0	0	0	true	0	0	0	true	0	0	0	true	0	0	0	true	0	0	0	true	0	0	0	true	0	0	0	true	0	0	0	true	0	0	0	true	0	0	0	true	0	0	0	true	0	0	0
500600190	0	0	0	0	0	false	268475022	0	1	true	0	0	0	true	0	0	0	true	0	0	0	true	0	0	0	true	0	0	0	true	0	0	0	true	0	0	0	true	0	0	0	true	0	0	0	true	0	0	0	true	0	0	0	true	0	0	0	true	0	0	0	true	0	0	0	true	0	0	0	true	0	0	0	true	0	0	0	true	0	0	0	true	0	0	0
500600200	0	0	0	0	0	false	268475023	0	1	true	0	0	0	true	0	0	0	true	0	0	0	true	0	0	0	true	0	0	0	true	0	0	0	true	0	0	0	true	0	0	0	true	0	0	0	true	0	0	0	true	0	0	0	true	0	0	0	true	0	0	0	true	0	0	0	true	0	0	0	true	0	0	0	true	0	0	0	true	0	0	0	true	0	0	0
500600210	0	0	0	0	0	false	268475024	0	1	true	0	0	0	true	0	0	0	true	0	0	0	true	0	0	0	true	0	0	0	true	0	0	0	true	0	0	0	true	0	0	0	true	0	0	0	true	0	0	0	true	0	0	0	true	0	0	0	true	0	0	0	true	0	0	0	true	0	0	0	true	0	0	0	true	0	0	0	true	0	0	0	true	0	0	0
500600220	0	0	0	0	0	false	268475025	0	1	true	0	0	0	true	0	0	0	true	0	0	0	true	0	0	0	true	0	0	0	true	0	0	0	true	0	0	0	true	0	0	0	true	0	0	0	true	0	0	0	true	0	0	0	true	0	0	0	true	0	0	0	true	0	0	0	true	0	0	0	true	0	0	0	true	0	0	0	true	0	0	0	true	0	0	0
500600230	0	0	0	0	0	false	268475026	0	1	true	0	0	0	true	0	0	0	true	0	0	0	true	0	0	0	true	0	0	0	true	0	0	0	true	0	0	0	true	0	0	0	true	0	0	0	true	0	0	0	true	0	0	0	true	0	0	0	true	0	0	0	true	0	0	0	true	0	0	0	true	0	0	0	true	0	0	0	true	0	0	0	true	0	0	0
500600240	0	0	0	0	0	false	268475027	0	1	true	0	0	0	true	0	0	0	true	0	0	0	true	0	0	0	true	0	0	0	true	0	0	0	true	0	0	0	true	0	0	0	true	0	0	0	true	0	0	0	true	0	0	0	true	0	0	0	true	0	0	0	true	0	0	0	true	0	0	0	true	0	0	0	true	0	0	0	true	0	0	0	true	0	0	0
500600250	0	0	0	0	0	false	268475028	0	1	true	0	0	0	true	0	0	0	true	0	0	0	true	0	0	0	true	0	0	0	true	0	0	0	true	0	0	0	true	0	0	0	true	0	0	0	true	0	0	0	true	0	0	0	true	0	0	0	true	0	0	0	true	0	0	0	true	0	0	0	true	0	0	0	true	0	0	0	true	0	0	0	true	0	0	0
500600260	0	0	0	0	0	false	268475029	0	1	true	0	0	0	true	0	0	0	true	0	0	0	true	0	0	0	true	0	0	0	true	0	0	0	true	0	0	0	true	0	0	0	true	0	0	0	true	0	0	0	true	0	0	0	true	0	0	0	true	0	0	0	true	0	0	0	true	0	0	0	true	0	0	0	true	0	0	0	true	0	0	0	true	0	0	0
500600270	0	0	0	0	0	false	268475030	0	1	true	0	0	0	true	0	0	0	true	0	0	0	true	0	0	0	true	0	0	0	true	0	0	0	true	0	0	0	true	0	0	0	true	0	0	0	true	0	0	0	true	0	0	0	true	0	0	0	true	0	0	0	true	0	0	0	true	0	0	0	true	0	0	0	true	0	0	0	true	0	0	0	true	0	0	0
500600280	0	0	0	0	0	false	268475031	0	1	true	0	0	0	true	0	0	0	true	0	0	0	true	0	0	0	true	0	0	0	true	0	0	0	true	0	0	0	true	0	0	0	true	0	0	0	true	0	0	0	true	0	0	0	true	0	0	0	true	0	0	0	true	0	0	0	true	0	0	0	true	0	0	0	true	0	0	0	true	0	0	0	true	0	0	0
500600290	0	0	0	0	0	false	268475032	0	1	true	0	0	0	true	0	0	0	true	0	0	0	true	0	0	0	true	0	0	0	true	0	0	0	true	0	0	0	true	0	0	0	true	0	0	0	true	0	0	0	true	0	0	0	true	0	0	0	true	0	0	0	true	0	0	0	true	0	0	0	true	0	0	0	true	0	0	0	true	0	0	0	true	0	0	0
500600300	0	0	0	0	0	false	268470054	0	1	true	0	0	0	true	0	0	0	true	0	0	0	true	0	0	0	true	0	0	0	true	0	0	0	true	0	0	0	true	0	0	0	true	0	0	0	true	0	0	0	true	0	0	0	true	0	0	0	true	0	0	0	true	0	0	0	true	0	0	0	true	0	0	0	true	0	0	0	true	0	0	0	true	0	0	0
500600310	0	0	0	0	0	false	268475033	0	1	true	0	0	0	true	0	0	0	true	0	0	0	true	0	0	0	true	0	0	0	true	0	0	0	true	0	0	0	true	0	0	0	true	0	0	0	true	0	0	0	true	0	0	0	true	0	0	0	true	0	0	0	true	0	0	0	true	0	0	0	true	0	0	0	true	0	0	0	true	0	0	0	true	0	0	0
500600320	0	0	0	0	0	false	268475034	0	1	true	0	0	0	true	0	0	0	true	0	0	0	true	0	0	0	true	0	0	0	true	0	0	0	true	0	0	0	true	0	0	0	true	0	0	0	true	0	0	0	true	0	0	0	true	0	0	0	true	0	0	0	true	0	0	0	true	0	0	0	true	0	0	0	true	0	0	0	true	0	0	0	true	0	0	0
500600330	0	0	0	0	0	false	268475035	0	1	true	0	0	0	true	0	0	0	true	0	0	0	true	0	0	0	true	0	0	0	true	0	0	0	true	0	0	0	true	0	0	0	true	0	0	0	true	0	0	0	true	0	0	0	true	0	0	0	true	0	0	0	true	0	0	0	true	0	0	0	true	0	0	0	true	0	0	0	true	0	0	0	true	0	0	0
500600340	0	0	0	0	0	false	268475036	0	1	true	0	0	0	true	0	0	0	true	0	0	0	true	0	0	0	true	0	0	0	true	0	0	0	true	0	0	0	true	0	0	0	true	0	0	0	true	0	0	0	true	0	0	0	true	0	0	0	true	0	0	0	true	0	0	0	true	0	0	0	true	0	0	0	true	0	0	0	true	0	0	0	true	0	0	0
500600350	0	0	0	0	0	false	268475037	0	1	true	0	0	0	true	0	0	0	true	0	0	0	true	0	0	0	true	0	0	0	true	0	0	0	true	0	0	0	true	0	0	0	true	0	0	0	true	0	0	0	true	0	0	0	true	0	0	0	true	0	0	0	true	0	0	0	true	0	0	0	true	0	0	0	true	0	0	0	true	0	0	0	true	0	0	0
500600360	0	0	0	0	0	false	268475038	0	1	true	0	0	0	true	0	0	0	true	0	0	0	true	0	0	0	true	0	0	0	true	0	0	0	true	0	0	0	true	0	0	0	true	0	0	0	true	0	0	0	true	0	0	0	true	0	0	0	true	0	0	0	true	0	0	0	true	0	0	0	true	0	0	0	true	0	0	0	true	0	0	0	true	0	0	0
500600370	0	0	0	0	0	false	268475039	0	1	true	0	0	0	true	0	0	0	true	0	0	0	true	0	0	0	true	0	0	0	true	0	0	0	true	0	0	0	true	0	0	0	true	0	0	0	true	0	0	0	true	0	0	0	true	0	0	0	true	0	0	0	true	0	0	0	true	0	0	0	true	0	0	0	true	0	0	0	true	0	0	0	true	0	0	0
500600380	0	0	0	0	0	false	268475040	0	1	true	0	0	0	true	0	0	0	true	0	0	0	true	0	0	0	true	0	0	0	true	0	0	0	true	0	0	0	true	0	0	0	true	0	0	0	true	0	0	0	true	0	0	0	true	0	0	0	true	0	0	0	true	0	0	0	true	0	0	0	true	0	0	0	true	0	0	0	true	0	0	0	true	0	0	0
500600390	0	0	0	0	0	false	268475041	0	1	true	0	0	0	true	0	0	0	true	0	0	0	true	0	0	0	true	0	0	0	true	0	0	0	true	0	0	0	true	0	0	0	true	0	0	0	true	0	0	0	true	0	0	0	true	0	0	0	true	0	0	0	true	0	0	0	true	0	0	0	true	0	0	0	true	0	0	0	true	0	0	0	true	0	0	0
500600400	0	0	0	0	0	false	268475042	0	1	true	0	0	0	true	0	0	0	true	0	0	0	true	0	0	0	true	0	0	0	true	0	0	0	true	0	0	0	true	0	0	0	true	0	0	0	true	0	0	0	true	0	0	0	true	0	0	0	true	0	0	0	true	0	0	0	true	0	0	0	true	0	0	0	true	0	0	0	true	0	0	0	true	0	0	0
500826664	0	0	0	0	0	true	500600100	0	0	true	0	0	0	true	0	0	0	true	0	0	0	true	0	0	0	false	0	0	0	false	0	0	0	false	0	0	0	false	0	0	0	false	0	0	0	false	0	0	0	false	0	0	0	false	0	0	0	false	0	0	0	false	0	0	0	false	0	0	0	false	0	0	0	false	0	0	0	false	0	0	0	false	0	0	0
500826665	0	0	0	0	0	false	617630209	0	1	true	0	0	0	true	0	0	0	true	0	0	0	true	0	0	0	false	0	0	0	false	0	0	0	false	0	0	0	false	0	0	0	false	0	0	0	false	0	0	0	false	0	0	0	false	0	0	0	false	0	0	0	false	0	0	0	false	0	0	0	false	0	0	0	false	0	0	0	false	0	0	0	false	0	0	0
500826666	0	0	0	0	0	false	617630210	0	1	true	0	0	0	true	0	0	0	true	0	0	0	true	0	0	0	false	0	0	0	false	0	0	0	false	0	0	0	false	0	0	0	false	0	0	0	false	0	0	0	false	0	0	0	false	0	0	0	false	0	0	0	false	0	0	0	false	0	0	0	false	0	0	0	false	0	0	0	false	0	0	0	false	0	0	0
500826667	0	0	0	0	0	false	617630211	0	1	true	0	0	0	true	0	0	0	true	0	0	0	true	0	0	0	false	0	0	0	false	0	0	0	false	0	0	0	false	0	0	0	false	0	0	0	false	0	0	0	false	0	0	0	false	0	0	0	false	0	0	0	false	0	0	0	false	0	0	0	false	0	0	0	false	0	0	0	false	0	0	0	false	0	0	0
500826675	0	0	0	0	0	true	500600080	0	0	true	156082630	0	0	true	156084630	0	0	true	156086630	0	0	true	0	0	0	false	0	0	0	false	0	0	0	false	0	0	0	false	0	0	0	false	0	0	0	false	0	0	0	false	0	0	0	false	0	0	0	false	0	0	0	false	0	0	0	false	0	0	0	false	0	0	0	false	0	0	0	false	0	0	0	false	0	0	0
500826676	0	0	0	0	0	true	500600060	0	0	true	156082620	0	0	true	156084620	0	0	true	156086620	0	0	true	0	0	0	false	0	0	0	false	0	0	0	false	0	0	0	false	0	0	0	false	0	0	0	false	0	0	0	false	0	0	0	false	0	0	0	false	0	0	0	false	0	0	0	false	0	0	0	false	0	0	0	false	0	0	0	false	0	0	0	false	0	0	0
500826677	0	0	0	0	0	true	500600040	0	0	true	156082610	0	0	true	156084610	0	0	true	156086610	0	0	true	0	0	0	false	0	0	0	false	0	0	0	false	0	0	0	false	0	0	0	false	0	0	0	false	0	0	0	false	0	0	0	false	0	0	0	false	0	0	0	false	0	0	0	false	0	0	0	false	0	0	0	false	0	0	0	false	0	0	0	false	0	0	0
500826685	0	0	0	0	0	false	612442112	0	3	true	0	0	0	true	0	0	0	true	0	0	0	true	0	0	0	false	0	0	0	false	0	0	0	false	0	0	0	false	0	0	0	false	0	0	0	false	0	0	0	false	0	0	0	false	0	0	0	false	0	0	0	false	0	0	0	false	0	0	0	false	0	0	0	false	0	0	0	false	0	0	0	false	0	0	0
500826686	0	0	0	0	0	false	612442112	0	2	true	0	0	0	true	0	0	0	true	0	0	0	true	0	0	0	false	0	0	0	false	0	0	0	false	0	0	0	false	0	0	0	false	0	0	0	false	0	0	0	false	0	0	0	false	0	0	0	false	0	0	0	false	0	0	0	false	0	0	0	false	0	0	0	false	0	0	0	false	0	0	0	false	0	0	0
500826687	0	0	0	0	0	false	612442112	0	1	true	0	0	0	true	0	0	0	true	0	0	0	true	0	0	0	false	0	0	0	false	0	0	0	false	0	0	0	false	0	0	0	false	0	0	0	false	0	0	0	false	0	0	0	false	0	0	0	false	0	0	0	false	0	0	0	false	0	0	0	false	0	0	0	false	0	0	0	false	0	0	0	false	0	0	0
500826764	0	0	0	0	0	false	1124804608	0	1	false	1124806656	0	1	false	1124808704	0	1	false	1124810752	0	1	true	0	0	0	false	0	0	0	false	0	0	0	false	0	0	0	false	0	0	0	false	0	0	0	false	0	0	0	false	0	0	0	false	0	0	0	false	0	0	0	false	0	0	0	false	0	0	0	false	0	0	0	false	0	0	0	false	0	0	0	false	0	0	0
