ROWID	_PotentialID|INTEGER	_PotentialNo|INTEGER	_PotentialRatio|FLOAT	_PrefixNameID|INTEGER	_State1|INTEGER	_State1Value|TEXT	_State2|INTEGER	_State2Value|TEXT	_State3|INTEGER	_State3Value|TEXT	_State4|INTEGER	_State4Value|TEXT	_State5|INTEGER	_State5Value|TEXT	_State6|INTEGER	_State6Value|TEXT	_State7|INTEGER	_State7Value|TEXT	_State8|INTEGER	_State8Value|TEXT	_State9|INTEGER	_State9Value|TEXT	_State10|INTEGER	_State10Value|TEXT	_State11|INTEGER	_State11Value|TEXT	_State12|INTEGER	_State12Value|TEXT	_State13|INTEGER	_State13Value|TEXT	_State14|INTEGER	_State14Value|TEXT	_State15|INTEGER	_State15Value|TEXT	_State16|INTEGER	_State16Value|TEXT	_SkillID|INTEGER	_SkillLevel|INTEGER	_SkillUsingType|INTEGER	_GearScore|INTEGER
100000	17072192	1	0.01	0	60	0.07001	-1		-1		-1		-1		-1		-1		-1		-1		-1		-1		-1		-1		-1		-1		-1		0	0	0	0
100001	17072192	2	0.01	0	61	0.07001	-1		-1		-1		-1		-1		-1		-1		-1		-1		-1		-1		-1		-1		-1		-1		0	0	0	0
100002	17072192	3	0.01	0	64	0.07001	-1		-1		-1		-1		-1		-1		-1		-1		-1		-1		-1		-1		-1		-1		-1		0	0	0	0
100003	17072192	4	0.01	0	65	0.07001	-1		-1		-1		-1		-1		-1		-1		-1		-1		-1		-1		-1		-1		-1		-1		0	0	0	0
100004	17072192	5	0.01	0	54	0.03001	55	0.03001	-1		-1		-1		-1		-1		-1		-1		-1		-1		-1		-1		-1		-1		-1		0	0	0	0
100005	17072192	6	0.01	0	56	0.03001	57	0.03001	-1		-1		-1		-1		-1		-1		-1		-1		-1		-1		-1		-1		-1		-1		0	0	0	0
100006	17072256	1	0.01	0	50	0.04001	-1		-1		-1		-1		-1		-1		-1		-1		-1		-1		-1		-1		-1		-1		-1		0	0	0	0
100007	17072256	2	0.01	0	51	0.04001	-1		-1		-1		-1		-1		-1		-1		-1		-1		-1		-1		-1		-1		-1		-1		0	0	0	0
100008	17072256	3	0.01	0	52	0.04001	-1		-1		-1		-1		-1		-1		-1		-1		-1		-1		-1		-1		-1		-1		-1		0	0	0	0
100009	17072256	4	0.01	0	53	0.04001	-1		-1		-1		-1		-1		-1		-1		-1		-1		-1		-1		-1		-1		-1		-1		0	0	0	0
100010	17072256	5	0.01	0	75	0.03001	-1		-1		-1		-1		-1		-1		-1		-1		-1		-1		-1		-1		-1		-1		-1		0	0	0	0
100011	17072256	6	0.01	0	76	0.03001	-1		-1		-1		-1		-1		-1		-1		-1		-1		-1		-1		-1		-1		-1		-1		0	0	0	0
100012	17072320	1	0.01	0	16	0.06001	-1		-1		-1		-1		-1		-1		-1		-1		-1		-1		-1		-1		-1		-1		-1		0	0	0	0
100013	17072320	2	0.01	0	17	0.06001	-1		-1		-1		-1		-1		-1		-1		-1		-1		-1		-1		-1		-1		-1		-1		0	0	0	0
100014	17072320	3	0.01	0	18	0.06001	-1		-1		-1		-1		-1		-1		-1		-1		-1		-1		-1		-1		-1		-1		-1		0	0	0	0
100015	17072320	4	0.01	0	19	0.06001	-1		-1		-1		-1		-1		-1		-1		-1		-1		-1		-1		-1		-1		-1		-1		0	0	0	0
100016	17072320	5	0.01	0	54	0.03001	55	0.03001	-1		-1		-1		-1		-1		-1		-1		-1		-1		-1		-1		-1		-1		-1		0	0	0	0
100017	17072320	6	0.01	0	56	0.03001	57	0.03001	-1		-1		-1		-1		-1		-1		-1		-1		-1		-1		-1		-1		-1		-1		0	0	0	0
100018	17072384	1	0.01	0	20	0.06001	-1		-1		-1		-1		-1		-1		-1		-1		-1		-1		-1		-1		-1		-1		-1		0	0	0	0
100019	17072384	2	0.01	0	21	0.06001	-1		-1		-1		-1		-1		-1		-1		-1		-1		-1		-1		-1		-1		-1		-1		0	0	0	0
100020	17072384	3	0.01	0	22	0.06001	-1		-1		-1		-1		-1		-1		-1		-1		-1		-1		-1		-1		-1		-1		-1		0	0	0	0
100021	17072384	4	0.01	0	23	0.06001	-1		-1		-1		-1		-1		-1		-1		-1		-1		-1		-1		-1		-1		-1		-1		0	0	0	0
100022	17072384	5	0.01	0	75	0.02001	-1		-1		-1		-1		-1		-1		-1		-1		-1		-1		-1		-1		-1		-1		-1		0	0	0	0
100023	17072384	6	0.01	0	76	0.02001	-1		-1		-1		-1		-1		-1		-1		-1		-1		-1		-1		-1		-1		-1		-1		0	0	0	0
100024	17072448	1	0.01	0	75	0.02001	-1		-1		-1		-1		-1		-1		-1		-1		-1		-1		-1		-1		-1		-1		-1		0	0	0	0
100025	17072448	2	0.01	0	76	0.02001	-1		-1		-1		-1		-1		-1		-1		-1		-1		-1		-1		-1		-1		-1		-1		0	0	0	0
100026	17072448	3	0.01	0	62	0.07001	-1		-1		-1		-1		-1		-1		-1		-1		-1		-1		-1		-1		-1		-1		-1		0	0	0	0
100027	17072448	4	0.01	0	63	0.07001	-1		-1		-1		-1		-1		-1		-1		-1		-1		-1		-1		-1		-1		-1		-1		0	0	0	0
100028	17072448	5	0.01	0	77	0.04001	-1		-1		-1		-1		-1		-1		-1		-1		-1		-1		-1		-1		-1		-1		-1		0	0	0	0
100029	17072448	6	0.01	0	74	0.02001	-1		-1		-1		-1		-1		-1		-1		-1		-1		-1		-1		-1		-1		-1		-1		0	0	0	0
100030	17104960	1	0.01	0	60	0.17501	-1		-1		-1		-1		-1		-1		-1		-1		-1		-1		-1		-1		-1		-1		-1		0	0	0	0
100031	17104960	2	0.01	0	61	0.17501	-1		-1		-1		-1		-1		-1		-1		-1		-1		-1		-1		-1		-1		-1		-1		0	0	0	0
100032	17104960	3	0.01	0	64	0.17501	-1		-1		-1		-1		-1		-1		-1		-1		-1		-1		-1		-1		-1		-1		-1		0	0	0	0
100033	17104960	4	0.01	0	65	0.17501	-1		-1		-1		-1		-1		-1		-1		-1		-1		-1		-1		-1		-1		-1		-1		0	0	0	0
100034	17104960	5	0.01	0	54	0.07501	55	0.07501	-1		-1		-1		-1		-1		-1		-1		-1		-1		-1		-1		-1		-1		-1		0	0	0	0
100035	17104960	6	0.01	0	56	0.07501	57	0.07501	-1		-1		-1		-1		-1		-1		-1		-1		-1		-1		-1		-1		-1		-1		0	0	0	0
100036	17105024	1	0.01	0	50	0.10001	-1		-1		-1		-1		-1		-1		-1		-1		-1		-1		-1		-1		-1		-1		-1		0	0	0	0
100037	17105024	2	0.01	0	51	0.10001	-1		-1		-1		-1		-1		-1		-1		-1		-1		-1		-1		-1		-1		-1		-1		0	0	0	0
100038	17105024	3	0.01	0	52	0.10001	-1		-1		-1		-1		-1		-1		-1		-1		-1		-1		-1		-1		-1		-1		-1		0	0	0	0
100039	17105024	4	0.01	0	53	0.10001	-1		-1		-1		-1		-1		-1		-1		-1		-1		-1		-1		-1		-1		-1		-1		0	0	0	0
100040	17105024	5	0.01	0	75	0.07501	-1		-1		-1		-1		-1		-1		-1		-1		-1		-1		-1		-1		-1		-1		-1		0	0	0	0
100041	17105024	6	0.01	0	76	0.07501	-1		-1		-1		-1		-1		-1		-1		-1		-1		-1		-1		-1		-1		-1		-1		0	0	0	0
100042	17105088	1	0.01	0	16	0.15001	-1		-1		-1		-1		-1		-1		-1		-1		-1		-1		-1		-1		-1		-1		-1		0	0	0	0
100043	17105088	2	0.01	0	17	0.15001	-1		-1		-1		-1		-1		-1		-1		-1		-1		-1		-1		-1		-1		-1		-1		0	0	0	0
100044	17105088	3	0.01	0	18	0.15001	-1		-1		-1		-1		-1		-1		-1		-1		-1		-1		-1		-1		-1		-1		-1		0	0	0	0
100045	17105088	4	0.01	0	19	0.15001	-1		-1		-1		-1		-1		-1		-1		-1		-1		-1		-1		-1		-1		-1		-1		0	0	0	0
100046	17105088	5	0.01	0	54	0.07501	55	0.07501	-1		-1		-1		-1		-1		-1		-1		-1		-1		-1		-1		-1		-1		-1		0	0	0	0
100047	17105088	6	0.01	0	56	0.07501	57	0.07501	-1		-1		-1		-1		-1		-1		-1		-1		-1		-1		-1		-1		-1		-1		0	0	0	0
100048	17105152	1	0.01	0	20	0.15001	-1		-1		-1		-1		-1		-1		-1		-1		-1		-1		-1		-1		-1		-1		-1		0	0	0	0
100049	17105152	2	0.01	0	21	0.15001	-1		-1		-1		-1		-1		-1		-1		-1		-1		-1		-1		-1		-1		-1		-1		0	0	0	0
100050	17105152	3	0.01	0	22	0.15001	-1		-1		-1		-1		-1		-1		-1		-1		-1		-1		-1		-1		-1		-1		-1		0	0	0	0
100051	17105152	4	0.01	0	23	0.15001	-1		-1		-1		-1		-1		-1		-1		-1		-1		-1		-1		-1		-1		-1		-1		0	0	0	0
100052	17105152	5	0.01	0	75	0.05001	-1		-1		-1		-1		-1		-1		-1		-1		-1		-1		-1		-1		-1		-1		-1		0	0	0	0
100053	17105152	6	0.01	0	76	0.05001	-1		-1		-1		-1		-1		-1		-1		-1		-1		-1		-1		-1		-1		-1		-1		0	0	0	0
100054	17105216	1	0.01	0	75	0.05001	-1		-1		-1		-1		-1		-1		-1		-1		-1		-1		-1		-1		-1		-1		-1		0	0	0	0
100055	17105216	2	0.01	0	76	0.05001	-1		-1		-1		-1		-1		-1		-1		-1		-1		-1		-1		-1		-1		-1		-1		0	0	0	0
100056	17105216	3	0.01	0	62	0.17501	-1		-1		-1		-1		-1		-1		-1		-1		-1		-1		-1		-1		-1		-1		-1		0	0	0	0
100057	17105216	4	0.01	0	63	0.17501	-1		-1		-1		-1		-1		-1		-1		-1		-1		-1		-1		-1		-1		-1		-1		0	0	0	0
100058	17105216	5	0.01	0	77	0.10001	-1		-1		-1		-1		-1		-1		-1		-1		-1		-1		-1		-1		-1		-1		-1		0	0	0	0
100059	17105216	6	0.01	0	74	0.05001	-1		-1		-1		-1		-1		-1		-1		-1		-1		-1		-1		-1		-1		-1		-1		0	0	0	0
100060	872415488	1	17.0	0	60	0.03501	-1		-1		-1		-1		-1		-1		-1		-1		-1		-1		-1		-1		-1		-1		-1		0	0	0	0
100061	872415488	2	17.0	0	61	0.03501	-1		-1		-1		-1		-1		-1		-1		-1		-1		-1		-1		-1		-1		-1		-1		0	0	0	0
100062	872415488	3	17.0	0	64	0.03501	-1		-1		-1		-1		-1		-1		-1		-1		-1		-1		-1		-1		-1		-1		-1		0	0	0	0
100063	872415488	4	17.0	0	65	0.03501	-1		-1		-1		-1		-1		-1		-1		-1		-1		-1		-1		-1		-1		-1		-1		0	0	0	0
100064	872415488	5	16.0	0	54	0.01501	55	0.01501	-1		-1		-1		-1		-1		-1		-1		-1		-1		-1		-1		-1		-1		-1		0	0	0	0
100065	872415488	6	16.0	0	56	0.01501	57	0.01501	-1		-1		-1		-1		-1		-1		-1		-1		-1		-1		-1		-1		-1		-1		0	0	0	0
100066	872415494	1	17.0	0	50	0.02001	-1		-1		-1		-1		-1		-1		-1		-1		-1		-1		-1		-1		-1		-1		-1		0	0	0	0
100067	872415494	2	17.0	0	51	0.02001	-1		-1		-1		-1		-1		-1		-1		-1		-1		-1		-1		-1		-1		-1		-1		0	0	0	0
100068	872415494	3	17.0	0	52	0.02001	-1		-1		-1		-1		-1		-1		-1		-1		-1		-1		-1		-1		-1		-1		-1		0	0	0	0
100069	872415494	4	17.0	0	53	0.02001	-1		-1		-1		-1		-1		-1		-1		-1		-1		-1		-1		-1		-1		-1		-1		0	0	0	0
100070	872415494	5	16.0	0	75	0.01501	-1		-1		-1		-1		-1		-1		-1		-1		-1		-1		-1		-1		-1		-1		-1		0	0	0	0
100071	872415494	6	16.0	0	76	0.01501	-1		-1		-1		-1		-1		-1		-1		-1		-1		-1		-1		-1		-1		-1		-1		0	0	0	0
100072	872415495	1	17.0	0	16	0.03001	-1		-1		-1		-1		-1		-1		-1		-1		-1		-1		-1		-1		-1		-1		-1		0	0	0	0
100073	872415495	2	17.0	0	17	0.03001	-1		-1		-1		-1		-1		-1		-1		-1		-1		-1		-1		-1		-1		-1		-1		0	0	0	0
100074	872415495	3	17.0	0	18	0.03001	-1		-1		-1		-1		-1		-1		-1		-1		-1		-1		-1		-1		-1		-1		-1		0	0	0	0
100075	872415495	4	17.0	0	19	0.03001	-1		-1		-1		-1		-1		-1		-1		-1		-1		-1		-1		-1		-1		-1		-1		0	0	0	0
100076	872415495	5	16.0	0	54	0.01501	55	0.01501	-1		-1		-1		-1		-1		-1		-1		-1		-1		-1		-1		-1		-1		-1		0	0	0	0
100077	872415495	6	16.0	0	56	0.01501	57	0.01501	-1		-1		-1		-1		-1		-1		-1		-1		-1		-1		-1		-1		-1		-1		0	0	0	0
100078	872415496	1	17.0	0	20	0.03001	-1		-1		-1		-1		-1		-1		-1		-1		-1		-1		-1		-1		-1		-1		-1		0	0	0	0
100079	872415496	2	17.0	0	21	0.03001	-1		-1		-1		-1		-1		-1		-1		-1		-1		-1		-1		-1		-1		-1		-1		0	0	0	0
100080	872415496	3	17.0	0	22	0.03001	-1		-1		-1		-1		-1		-1		-1		-1		-1		-1		-1		-1		-1		-1		-1		0	0	0	0
100081	872415496	4	17.0	0	23	0.03001	-1		-1		-1		-1		-1		-1		-1		-1		-1		-1		-1		-1		-1		-1		-1		0	0	0	0
100082	872415496	5	16.0	0	75	0.01001	-1		-1		-1		-1		-1		-1		-1		-1		-1		-1		-1		-1		-1		-1		-1		0	0	0	0
100083	872415496	6	16.0	0	76	0.01001	-1		-1		-1		-1		-1		-1		-1		-1		-1		-1		-1		-1		-1		-1		-1		0	0	0	0
100084	872415497	1	17.0	0	75	0.01001	-1		-1		-1		-1		-1		-1		-1		-1		-1		-1		-1		-1		-1		-1		-1		0	0	0	0
100085	872415497	2	17.0	0	76	0.01001	-1		-1		-1		-1		-1		-1		-1		-1		-1		-1		-1		-1		-1		-1		-1		0	0	0	0
100086	872415497	3	17.0	0	62	0.03501	-1		-1		-1		-1		-1		-1		-1		-1		-1		-1		-1		-1		-1		-1		-1		0	0	0	0
100087	872415497	4	17.0	0	63	0.03501	-1		-1		-1		-1		-1		-1		-1		-1		-1		-1		-1		-1		-1		-1		-1		0	0	0	0
100088	872415497	5	16.0	0	77	0.02001	-1		-1		-1		-1		-1		-1		-1		-1		-1		-1		-1		-1		-1		-1		-1		0	0	0	0
100089	872415497	6	16.0	0	74	0.01001	-1		-1		-1		-1		-1		-1		-1		-1		-1		-1		-1		-1		-1		-1		-1		0	0	0	0
100090	872415498	1	17.0	0	60	0.07001	-1		-1		-1		-1		-1		-1		-1		-1		-1		-1		-1		-1		-1		-1		-1		0	0	0	0
100091	872415498	2	17.0	0	61	0.07001	-1		-1		-1		-1		-1		-1		-1		-1		-1		-1		-1		-1		-1		-1		-1		0	0	0	0
100092	872415498	3	17.0	0	64	0.07001	-1		-1		-1		-1		-1		-1		-1		-1		-1		-1		-1		-1		-1		-1		-1		0	0	0	0
100093	872415498	4	17.0	0	65	0.07001	-1		-1		-1		-1		-1		-1		-1		-1		-1		-1		-1		-1		-1		-1		-1		0	0	0	0
100094	872415498	5	16.0	0	54	0.03001	55	0.03001	-1		-1		-1		-1		-1		-1		-1		-1		-1		-1		-1		-1		-1		-1		0	0	0	0
100095	872415498	6	16.0	0	56	0.03001	57	0.03001	-1		-1		-1		-1		-1		-1		-1		-1		-1		-1		-1		-1		-1		-1		0	0	0	0
100096	872415504	1	17.0	0	50	0.04001	-1		-1		-1		-1		-1		-1		-1		-1		-1		-1		-1		-1		-1		-1		-1		0	0	0	0
100097	872415504	2	17.0	0	51	0.04001	-1		-1		-1		-1		-1		-1		-1		-1		-1		-1		-1		-1		-1		-1		-1		0	0	0	0
100098	872415504	3	17.0	0	52	0.04001	-1		-1		-1		-1		-1		-1		-1		-1		-1		-1		-1		-1		-1		-1		-1		0	0	0	0
100099	872415504	4	17.0	0	53	0.04001	-1		-1		-1		-1		-1		-1		-1		-1		-1		-1		-1		-1		-1		-1		-1		0	0	0	0
100100	872415504	5	16.0	0	75	0.03001	-1		-1		-1		-1		-1		-1		-1		-1		-1		-1		-1		-1		-1		-1		-1		0	0	0	0
100101	872415504	6	16.0	0	76	0.03001	-1		-1		-1		-1		-1		-1		-1		-1		-1		-1		-1		-1		-1		-1		-1		0	0	0	0
100102	872415505	1	17.0	0	16	0.06001	-1		-1		-1		-1		-1		-1		-1		-1		-1		-1		-1		-1		-1		-1		-1		0	0	0	0
100103	872415505	2	17.0	0	17	0.06001	-1		-1		-1		-1		-1		-1		-1		-1		-1		-1		-1		-1		-1		-1		-1		0	0	0	0
100104	872415505	3	17.0	0	18	0.06001	-1		-1		-1		-1		-1		-1		-1		-1		-1		-1		-1		-1		-1		-1		-1		0	0	0	0
100105	872415505	4	17.0	0	19	0.06001	-1		-1		-1		-1		-1		-1		-1		-1		-1		-1		-1		-1		-1		-1		-1		0	0	0	0
100106	872415505	5	16.0	0	54	0.03001	55	0.03001	-1		-1		-1		-1		-1		-1		-1		-1		-1		-1		-1		-1		-1		-1		0	0	0	0
100107	872415505	6	16.0	0	56	0.03001	57	0.03001	-1		-1		-1		-1		-1		-1		-1		-1		-1		-1		-1		-1		-1		-1		0	0	0	0
100108	872415506	1	17.0	0	20	0.06001	-1		-1		-1		-1		-1		-1		-1		-1		-1		-1		-1		-1		-1		-1		-1		0	0	0	0
100109	872415506	2	17.0	0	21	0.06001	-1		-1		-1		-1		-1		-1		-1		-1		-1		-1		-1		-1		-1		-1		-1		0	0	0	0
100110	872415506	3	17.0	0	22	0.06001	-1		-1		-1		-1		-1		-1		-1		-1		-1		-1		-1		-1		-1		-1		-1		0	0	0	0
100111	872415506	4	17.0	0	23	0.06001	-1		-1		-1		-1		-1		-1		-1		-1		-1		-1		-1		-1		-1		-1		-1		0	0	0	0
100112	872415506	5	16.0	0	75	0.02001	-1		-1		-1		-1		-1		-1		-1		-1		-1		-1		-1		-1		-1		-1		-1		0	0	0	0
100113	872415506	6	16.0	0	76	0.02001	-1		-1		-1		-1		-1		-1		-1		-1		-1		-1		-1		-1		-1		-1		-1		0	0	0	0
100114	872415507	1	17.0	0	75	0.02001	-1		-1		-1		-1		-1		-1		-1		-1		-1		-1		-1		-1		-1		-1		-1		0	0	0	0
100115	872415507	2	17.0	0	76	0.02001	-1		-1		-1		-1		-1		-1		-1		-1		-1		-1		-1		-1		-1		-1		-1		0	0	0	0
100116	872415507	3	17.0	0	62	0.07001	-1		-1		-1		-1		-1		-1		-1		-1		-1		-1		-1		-1		-1		-1		-1		0	0	0	0
100117	872415507	4	17.0	0	63	0.07001	-1		-1		-1		-1		-1		-1		-1		-1		-1		-1		-1		-1		-1		-1		-1		0	0	0	0
100118	872415507	5	16.0	0	77	0.04001	-1		-1		-1		-1		-1		-1		-1		-1		-1		-1		-1		-1		-1		-1		-1		0	0	0	0
100119	872415507	6	16.0	0	74	0.02001	-1		-1		-1		-1		-1		-1		-1		-1		-1		-1		-1		-1		-1		-1		-1		0	0	0	0
100120	872415508	1	9.0	0	60	0.17501	-1		-1		-1		-1		-1		-1		-1		-1		-1		-1		-1		-1		-1		-1		-1		0	0	0	0
100121	872415508	2	9.0	0	61	0.17501	-1		-1		-1		-1		-1		-1		-1		-1		-1		-1		-1		-1		-1		-1		-1		0	0	0	0
100122	872415508	3	9.0	0	64	0.17501	-1		-1		-1		-1		-1		-1		-1		-1		-1		-1		-1		-1		-1		-1		-1		0	0	0	0
100123	872415508	4	9.0	0	65	0.17501	-1		-1		-1		-1		-1		-1		-1		-1		-1		-1		-1		-1		-1		-1		-1		0	0	0	0
100124	872415508	5	32.0	0	54	0.07501	55	0.07501	-1		-1		-1		-1		-1		-1		-1		-1		-1		-1		-1		-1		-1		-1		0	0	0	0
100125	872415508	6	32.0	0	56	0.07501	57	0.07501	-1		-1		-1		-1		-1		-1		-1		-1		-1		-1		-1		-1		-1		-1		0	0	0	0
100126	872415514	1	32.0	0	50	0.10001	-1		-1		-1		-1		-1		-1		-1		-1		-1		-1		-1		-1		-1		-1		-1		0	0	0	0
100127	872415514	2	32.0	0	51	0.10001	-1		-1		-1		-1		-1		-1		-1		-1		-1		-1		-1		-1		-1		-1		-1		0	0	0	0
100128	872415514	3	32.0	0	52	0.10001	-1		-1		-1		-1		-1		-1		-1		-1		-1		-1		-1		-1		-1		-1		-1		0	0	0	0
100129	872415514	4	1.4	0	53	0.10001	-1		-1		-1		-1		-1		-1		-1		-1		-1		-1		-1		-1		-1		-1		-1		0	0	0	0
100130	872415514	5	1.3	0	75	0.07501	-1		-1		-1		-1		-1		-1		-1		-1		-1		-1		-1		-1		-1		-1		-1		0	0	0	0
100131	872415514	6	1.3	0	76	0.07501	-1		-1		-1		-1		-1		-1		-1		-1		-1		-1		-1		-1		-1		-1		-1		0	0	0	0
100132	872415515	1	16.6	0	16	0.15001	-1		-1		-1		-1		-1		-1		-1		-1		-1		-1		-1		-1		-1		-1		-1		0	0	0	0
100133	872415515	2	16.6	0	17	0.15001	-1		-1		-1		-1		-1		-1		-1		-1		-1		-1		-1		-1		-1		-1		-1		0	0	0	0
100134	872415515	3	16.7	0	18	0.15001	-1		-1		-1		-1		-1		-1		-1		-1		-1		-1		-1		-1		-1		-1		-1		0	0	0	0
100135	872415515	4	16.7	0	19	0.15001	-1		-1		-1		-1		-1		-1		-1		-1		-1		-1		-1		-1		-1		-1		-1		0	0	0	0
100136	872415515	5	16.7	0	54	0.07501	55	0.07501	-1		-1		-1		-1		-1		-1		-1		-1		-1		-1		-1		-1		-1		-1		0	0	0	0
100137	872415515	6	16.7	0	56	0.07501	57	0.07501	-1		-1		-1		-1		-1		-1		-1		-1		-1		-1		-1		-1		-1		-1		0	0	0	0
100138	872415516	1	9.0	0	20	0.15001	-1		-1		-1		-1		-1		-1		-1		-1		-1		-1		-1		-1		-1		-1		-1		0	0	0	0
100139	872415516	2	9.0	0	21	0.15001	-1		-1		-1		-1		-1		-1		-1		-1		-1		-1		-1		-1		-1		-1		-1		0	0	0	0
100140	872415516	3	9.0	0	22	0.15001	-1		-1		-1		-1		-1		-1		-1		-1		-1		-1		-1		-1		-1		-1		-1		0	0	0	0
100141	872415516	4	9.0	0	23	0.15001	-1		-1		-1		-1		-1		-1		-1		-1		-1		-1		-1		-1		-1		-1		-1		0	0	0	0
100142	872415516	5	32.0	0	75	0.05001	-1		-1		-1		-1		-1		-1		-1		-1		-1		-1		-1		-1		-1		-1		-1		0	0	0	0
100143	872415516	6	32.0	0	76	0.05001	-1		-1		-1		-1		-1		-1		-1		-1		-1		-1		-1		-1		-1		-1		-1		0	0	0	0
100144	872415517	1	32.0	0	75	0.05001	-1		-1		-1		-1		-1		-1		-1		-1		-1		-1		-1		-1		-1		-1		-1		0	0	0	0
100145	872415517	2	1.3	0	76	0.05001	-1		-1		-1		-1		-1		-1		-1		-1		-1		-1		-1		-1		-1		-1		-1		0	0	0	0
100146	872415517	3	32.0	0	62	0.17501	-1		-1		-1		-1		-1		-1		-1		-1		-1		-1		-1		-1		-1		-1		-1		0	0	0	0
100147	872415517	4	1.3	0	63	0.17501	-1		-1		-1		-1		-1		-1		-1		-1		-1		-1		-1		-1		-1		-1		-1		0	0	0	0
100148	872415517	5	1.4	0	77	0.10001	-1		-1		-1		-1		-1		-1		-1		-1		-1		-1		-1		-1		-1		-1		-1		0	0	0	0
100149	872415517	6	32.0	0	74	0.05001	-1		-1		-1		-1		-1		-1		-1		-1		-1		-1		-1		-1		-1		-1		-1		0	0	0	0
200001	872415272	1	1.0	0	-1		-1		-1		-1		-1		-1		-1		-1		-1		-1		-1		-1		-1		-1		-1		-1		28	1	4	0
200002	872415272	2	1.0	0	-1		-1		-1		-1		-1		-1		-1		-1		-1		-1		-1		-1		-1		-1		-1		-1		5	1	4	0
200003	872415272	3	1.0	0	-1		-1		-1		-1		-1		-1		-1		-1		-1		-1		-1		-1		-1		-1		-1		-1		32	1	4	0
200004	872415273	1	1.0	0	-1		-1		-1		-1		-1		-1		-1		-1		-1		-1		-1		-1		-1		-1		-1		-1		1001	1	4	0
200005	872415273	2	1.0	0	-1		-1		-1		-1		-1		-1		-1		-1		-1		-1		-1		-1		-1		-1		-1		-1		1003	1	4	0
200006	872415273	3	1.0	0	-1		-1		-1		-1		-1		-1		-1		-1		-1		-1		-1		-1		-1		-1		-1		-1		1031	1	4	0
200007	872415274	1	1.0	0	-1		-1		-1		-1		-1		-1		-1		-1		-1		-1		-1		-1		-1		-1		-1		-1		2026	1	4	0
200008	872415274	2	1.0	0	-1		-1		-1		-1		-1		-1		-1		-1		-1		-1		-1		-1		-1		-1		-1		-1		2034	1	4	0
200009	872415274	3	1.0	0	-1		-1		-1		-1		-1		-1		-1		-1		-1		-1		-1		-1		-1		-1		-1		-1		2038	1	4	0
200010	872415275	1	1.0	0	-1		-1		-1		-1		-1		-1		-1		-1		-1		-1		-1		-1		-1		-1		-1		-1		3019	1	4	0
200011	872415275	2	1.0	0	-1		-1		-1		-1		-1		-1		-1		-1		-1		-1		-1		-1		-1		-1		-1		-1		3029	1	4	0
200012	872415275	3	1.0	0	-1		-1		-1		-1		-1		-1		-1		-1		-1		-1		-1		-1		-1		-1		-1		-1		3035	1	4	0
200013	872415276	1	1.0	0	-1		-1		-1		-1		-1		-1		-1		-1		-1		-1		-1		-1		-1		-1		-1		-1		4005	1	4	0
200014	872415276	2	1.0	0	-1		-1		-1		-1		-1		-1		-1		-1		-1		-1		-1		-1		-1		-1		-1		-1		4014	1	4	0
200015	872415276	3	1.0	0	-1		-1		-1		-1		-1		-1		-1		-1		-1		-1		-1		-1		-1		-1		-1		-1		4019	1	4	0
200016	872415301	1	1.0	0	-1		-1		-1		-1		-1		-1		-1		-1		-1		-1		-1		-1		-1		-1		-1		-1		5	1	4	0
200017	872415301	2	1.0	0	-1		-1		-1		-1		-1		-1		-1		-1		-1		-1		-1		-1		-1		-1		-1		-1		17	1	4	0
200018	872415301	3	1.0	0	-1		-1		-1		-1		-1		-1		-1		-1		-1		-1		-1		-1		-1		-1		-1		-1		32	1	4	0
200019	872415302	1	1.0	0	-1		-1		-1		-1		-1		-1		-1		-1		-1		-1		-1		-1		-1		-1		-1		-1		1003	1	4	0
200020	872415302	2	1.0	0	-1		-1		-1		-1		-1		-1		-1		-1		-1		-1		-1		-1		-1		-1		-1		-1		1008	1	4	0
200021	872415302	3	1.0	0	-1		-1		-1		-1		-1		-1		-1		-1		-1		-1		-1		-1		-1		-1		-1		-1		1031	1	4	0
200022	872415303	1	1.0	0	-1		-1		-1		-1		-1		-1		-1		-1		-1		-1		-1		-1		-1		-1		-1		-1		2026	1	4	0
200023	872415303	2	1.0	0	-1		-1		-1		-1		-1		-1		-1		-1		-1		-1		-1		-1		-1		-1		-1		-1		2033	1	4	0
200024	872415303	3	1.0	0	-1		-1		-1		-1		-1		-1		-1		-1		-1		-1		-1		-1		-1		-1		-1		-1		2038	1	4	0
200025	872415304	1	1.0	0	-1		-1		-1		-1		-1		-1		-1		-1		-1		-1		-1		-1		-1		-1		-1		-1		3003	1	4	0
200026	872415304	2	1.0	0	-1		-1		-1		-1		-1		-1		-1		-1		-1		-1		-1		-1		-1		-1		-1		-1		3030	1	4	0
200027	872415304	3	1.0	0	-1		-1		-1		-1		-1		-1		-1		-1		-1		-1		-1		-1		-1		-1		-1		-1		3035	1	4	0
200028	872415305	1	1.0	0	-1		-1		-1		-1		-1		-1		-1		-1		-1		-1		-1		-1		-1		-1		-1		-1		4014	1	4	0
200029	872415305	2	1.0	0	-1		-1		-1		-1		-1		-1		-1		-1		-1		-1		-1		-1		-1		-1		-1		-1		4008	1	4	0
200030	872415305	3	1.0	0	-1		-1		-1		-1		-1		-1		-1		-1		-1		-1		-1		-1		-1		-1		-1		-1		4019	1	4	0
200031	872415332	1	1.0	0	-1		-1		-1		-1		-1		-1		-1		-1		-1		-1		-1		-1		-1		-1		-1		-1		5	1	4	0
200032	872415332	2	1.0	0	-1		-1		-1		-1		-1		-1		-1		-1		-1		-1		-1		-1		-1		-1		-1		-1		17	1	4	0
200033	872415332	3	1.0	0	-1		-1		-1		-1		-1		-1		-1		-1		-1		-1		-1		-1		-1		-1		-1		-1		32	1	4	0
200034	872415333	1	1.0	0	-1		-1		-1		-1		-1		-1		-1		-1		-1		-1		-1		-1		-1		-1		-1		-1		1003	1	4	0
200035	872415333	2	1.0	0	-1		-1		-1		-1		-1		-1		-1		-1		-1		-1		-1		-1		-1		-1		-1		-1		1008	1	4	0
200036	872415333	3	1.0	0	-1		-1		-1		-1		-1		-1		-1		-1		-1		-1		-1		-1		-1		-1		-1		-1		1031	1	4	0
200037	872415334	1	1.0	0	-1		-1		-1		-1		-1		-1		-1		-1		-1		-1		-1		-1		-1		-1		-1		-1		2026	1	4	0
200038	872415334	2	1.0	0	-1		-1		-1		-1		-1		-1		-1		-1		-1		-1		-1		-1		-1		-1		-1		-1		2034	1	4	0
200039	872415334	3	1.0	0	-1		-1		-1		-1		-1		-1		-1		-1		-1		-1		-1		-1		-1		-1		-1		-1		2038	1	4	0
200040	872415335	1	1.0	0	-1		-1		-1		-1		-1		-1		-1		-1		-1		-1		-1		-1		-1		-1		-1		-1		3003	1	4	0
200041	872415335	2	1.0	0	-1		-1		-1		-1		-1		-1		-1		-1		-1		-1		-1		-1		-1		-1		-1		-1		3030	1	4	0
200042	872415335	3	1.0	0	-1		-1		-1		-1		-1		-1		-1		-1		-1		-1		-1		-1		-1		-1		-1		-1		3035	1	4	0
200043	872415336	1	1.0	0	-1		-1		-1		-1		-1		-1		-1		-1		-1		-1		-1		-1		-1		-1		-1		-1		4014	1	4	0
200044	872415336	2	1.0	0	-1		-1		-1		-1		-1		-1		-1		-1		-1		-1		-1		-1		-1		-1		-1		-1		4005	1	4	0
200045	872415336	3	1.0	0	-1		-1		-1		-1		-1		-1		-1		-1		-1		-1		-1		-1		-1		-1		-1		-1		4019	1	4	0
200046	872415383	1	1.0	0	-1		-1		-1		-1		-1		-1		-1		-1		-1		-1		-1		-1		-1		-1		-1		-1		5000	1	4	0
200047	872415383	2	1.0	0	-1		-1		-1		-1		-1		-1		-1		-1		-1		-1		-1		-1		-1		-1		-1		-1		5005	1	4	0
200048	872415383	3	1.0	0	-1		-1		-1		-1		-1		-1		-1		-1		-1		-1		-1		-1		-1		-1		-1		-1		5018	1	4	0
200049	872415414	1	1.0	0	-1		-1		-1		-1		-1		-1		-1		-1		-1		-1		-1		-1		-1		-1		-1		-1		28	1	4	0
200050	872415414	2	1.0	0	-1		-1		-1		-1		-1		-1		-1		-1		-1		-1		-1		-1		-1		-1		-1		-1		2	1	4	0
200051	872415414	3	1.0	0	-1		-1		-1		-1		-1		-1		-1		-1		-1		-1		-1		-1		-1		-1		-1		-1		32	1	4	0
200052	872415415	1	1.0	0	-1		-1		-1		-1		-1		-1		-1		-1		-1		-1		-1		-1		-1		-1		-1		-1		1001	1	4	0
200053	872415415	2	1.0	0	-1		-1		-1		-1		-1		-1		-1		-1		-1		-1		-1		-1		-1		-1		-1		-1		1026	1	4	0
200054	872415415	3	1.0	0	-1		-1		-1		-1		-1		-1		-1		-1		-1		-1		-1		-1		-1		-1		-1		-1		1031	1	4	0
200055	872415416	1	1.0	0	-1		-1		-1		-1		-1		-1		-1		-1		-1		-1		-1		-1		-1		-1		-1		-1		2002	1	4	0
200056	872415416	2	1.0	0	-1		-1		-1		-1		-1		-1		-1		-1		-1		-1		-1		-1		-1		-1		-1		-1		2031	1	4	0
200057	872415416	3	1.0	0	-1		-1		-1		-1		-1		-1		-1		-1		-1		-1		-1		-1		-1		-1		-1		-1		2038	1	4	0
200058	872415417	1	1.0	0	-1		-1		-1		-1		-1		-1		-1		-1		-1		-1		-1		-1		-1		-1		-1		-1		3028	1	4	0
200059	872415417	2	1.0	0	-1		-1		-1		-1		-1		-1		-1		-1		-1		-1		-1		-1		-1		-1		-1		-1		3002	1	4	0
200060	872415417	3	1.0	0	-1		-1		-1		-1		-1		-1		-1		-1		-1		-1		-1		-1		-1		-1		-1		-1		3035	1	4	0
200061	872415418	1	1.0	0	-1		-1		-1		-1		-1		-1		-1		-1		-1		-1		-1		-1		-1		-1		-1		-1		4001	1	4	0
200062	872415418	2	1.0	0	-1		-1		-1		-1		-1		-1		-1		-1		-1		-1		-1		-1		-1		-1		-1		-1		4002	1	4	0
200063	872415418	3	1.0	0	-1		-1		-1		-1		-1		-1		-1		-1		-1		-1		-1		-1		-1		-1		-1		-1		4019	1	4	0
200064	872415419	1	1.0	0	-1		-1		-1		-1		-1		-1		-1		-1		-1		-1		-1		-1		-1		-1		-1		-1		5000	1	4	0
200065	872415419	2	1.0	0	-1		-1		-1		-1		-1		-1		-1		-1		-1		-1		-1		-1		-1		-1		-1		-1		5001	1	4	0
200066	872415419	3	1.0	0	-1		-1		-1		-1		-1		-1		-1		-1		-1		-1		-1		-1		-1		-1		-1		-1		5018	1	4	0
200067	872415426	1	1.0	0	-1		-1		-1		-1		-1		-1		-1		-1		-1		-1		-1		-1		-1		-1		-1		-1		206	1	4	0
200068	872415426	2	1.0	0	-1		-1		-1		-1		-1		-1		-1		-1		-1		-1		-1		-1		-1		-1		-1		-1		208	1	4	0
200069	872415426	3	1.0	0	-1		-1		-1		-1		-1		-1		-1		-1		-1		-1		-1		-1		-1		-1		-1		-1		408	1	4	0
200070	872415426	4	1.0	0	-1		-1		-1		-1		-1		-1		-1		-1		-1		-1		-1		-1		-1		-1		-1		-1		405	1	4	0
200103	872415426	5	1.0	0	-1		-1		-1		-1		-1		-1		-1		-1		-1		-1		-1		-1		-1		-1		-1		-1		7501	1	4	0
200071	872415427	1	1.0	0	-1		-1		-1		-1		-1		-1		-1		-1		-1		-1		-1		-1		-1		-1		-1		-1		1201	1	4	0
200072	872415427	2	1.0	0	-1		-1		-1		-1		-1		-1		-1		-1		-1		-1		-1		-1		-1		-1		-1		-1		1208	1	4	0
200073	872415427	3	1.0	0	-1		-1		-1		-1		-1		-1		-1		-1		-1		-1		-1		-1		-1		-1		-1		-1		1405	1	4	0
200074	872415427	4	1.0	0	-1		-1		-1		-1		-1		-1		-1		-1		-1		-1		-1		-1		-1		-1		-1		-1		1404	1	4	0
200109	872415427	5	1.0	0	-1		-1		-1		-1		-1		-1		-1		-1		-1		-1		-1		-1		-1		-1		-1		-1		1611	1	4	0
200075	872415428	1	1.0	0	-1		-1		-1		-1		-1		-1		-1		-1		-1		-1		-1		-1		-1		-1		-1		-1		2220	1	4	0
200076	872415428	2	1.0	0	-1		-1		-1		-1		-1		-1		-1		-1		-1		-1		-1		-1		-1		-1		-1		-1		2204	1	4	0
200077	872415428	3	1.0	0	-1		-1		-1		-1		-1		-1		-1		-1		-1		-1		-1		-1		-1		-1		-1		-1		2403	1	4	0
200078	872415428	4	1.0	0	-1		-1		-1		-1		-1		-1		-1		-1		-1		-1		-1		-1		-1		-1		-1		-1		2406	1	4	0
200113	872415428	5	1.0	0	-1		-1		-1		-1		-1		-1		-1		-1		-1		-1		-1		-1		-1		-1		-1		-1		3100	1	4	0
200079	872415429	1	1.0	0	-1		-1		-1		-1		-1		-1		-1		-1		-1		-1		-1		-1		-1		-1		-1		-1		3222	1	4	0
200080	872415429	2	1.0	0	-1		-1		-1		-1		-1		-1		-1		-1		-1		-1		-1		-1		-1		-1		-1		-1		3223	1	4	0
200081	872415429	3	1.0	0	-1		-1		-1		-1		-1		-1		-1		-1		-1		-1		-1		-1		-1		-1		-1		-1		3402	1	4	0
200082	872415429	4	1.0	0	-1		-1		-1		-1		-1		-1		-1		-1		-1		-1		-1		-1		-1		-1		-1		-1		3409	1	4	0
200111	872415429	5	1.0	0	-1		-1		-1		-1		-1		-1		-1		-1		-1		-1		-1		-1		-1		-1		-1		-1		54	1	4	0
200083	872415430	1	1.0	0	-1		-1		-1		-1		-1		-1		-1		-1		-1		-1		-1		-1		-1		-1		-1		-1		4201	1	4	0
200084	872415430	2	1.0	0	-1		-1		-1		-1		-1		-1		-1		-1		-1		-1		-1		-1		-1		-1		-1		-1		4216	1	4	0
200085	872415430	3	1.0	0	-1		-1		-1		-1		-1		-1		-1		-1		-1		-1		-1		-1		-1		-1		-1		-1		4409	1	4	0
200086	872415430	4	1.0	0	-1		-1		-1		-1		-1		-1		-1		-1		-1		-1		-1		-1		-1		-1		-1		-1		4415	1	4	0
200115	872415430	5	1.0	0	-1		-1		-1		-1		-1		-1		-1		-1		-1		-1		-1		-1		-1		-1		-1		-1		4100	1	4	0
200087	872415431	1	1.0	0	-1		-1		-1		-1		-1		-1		-1		-1		-1		-1		-1		-1		-1		-1		-1		-1		5201	1	4	0
200088	872415431	2	1.0	0	-1		-1		-1		-1		-1		-1		-1		-1		-1		-1		-1		-1		-1		-1		-1		-1		5214	1	4	0
200089	872415431	3	1.0	0	-1		-1		-1		-1		-1		-1		-1		-1		-1		-1		-1		-1		-1		-1		-1		-1		5103	1	4	0
200090	872415431	4	1.0	0	-1		-1		-1		-1		-1		-1		-1		-1		-1		-1		-1		-1		-1		-1		-1		-1		5111	1	4	0
200118	872415431	5	1.0	0	-1		-1		-1		-1		-1		-1		-1		-1		-1		-1		-1		-1		-1		-1		-1		-1		5700	1	4	0
200091	872415629	1	1.0	0	-1		-1		-1		-1		-1		-1		-1		-1		-1		-1		-1		-1		-1		-1		-1		-1		6001	1	4	0
200092	872415629	2	1.0	0	-1		-1		-1		-1		-1		-1		-1		-1		-1		-1		-1		-1		-1		-1		-1		-1		6005	1	4	0
200093	872415629	3	1.0	0	-1		-1		-1		-1		-1		-1		-1		-1		-1		-1		-1		-1		-1		-1		-1		-1		6020	1	4	0
200094	872415630	1	1.0	0	-1		-1		-1		-1		-1		-1		-1		-1		-1		-1		-1		-1		-1		-1		-1		-1		6201	1	4	0
200095	872415630	2	1.0	0	-1		-1		-1		-1		-1		-1		-1		-1		-1		-1		-1		-1		-1		-1		-1		-1		6207	1	4	0
200096	872415630	3	1.0	0	-1		-1		-1		-1		-1		-1		-1		-1		-1		-1		-1		-1		-1		-1		-1		-1		6301	1	4	0
200097	872415630	4	1.0	0	-1		-1		-1		-1		-1		-1		-1		-1		-1		-1		-1		-1		-1		-1		-1		-1		6308	1	4	0
200119	872415630	5	1.0	0	-1		-1		-1		-1		-1		-1		-1		-1		-1		-1		-1		-1		-1		-1		-1		-1		6900	1	4	0
200098	872415631	1	1.0	0	-1		-1		-1		-1		-1		-1		-1		-1		-1		-1		-1		-1		-1		-1		-1		-1		7001	1	4	0
200099	872415631	2	1.0	0	-1		-1		-1		-1		-1		-1		-1		-1		-1		-1		-1		-1		-1		-1		-1		-1		7005	1	4	0
200100	872415631	3	1.0	0	-1		-1		-1		-1		-1		-1		-1		-1		-1		-1		-1		-1		-1		-1		-1		-1		7018	1	4	0
200101	872415632	1	1.0	0	-1		-1		-1		-1		-1		-1		-1		-1		-1		-1		-1		-1		-1		-1		-1		-1		7020	1	4	0
200102	872415632	2	1.0	0	-1		-1		-1		-1		-1		-1		-1		-1		-1		-1		-1		-1		-1		-1		-1		-1		7022	1	4	0
200121	872415632	3	1.0	0	-1		-1		-1		-1		-1		-1		-1		-1		-1		-1		-1		-1		-1		-1		-1		-1		7901	1	4	0
200122	872415632	4	1.0	0	-1		-1		-1		-1		-1		-1		-1		-1		-1		-1		-1		-1		-1		-1		-1		-1		7907	1	4	0
200125	872415632	5	1.0	0	-1		-1		-1		-1		-1		-1		-1		-1		-1		-1		-1		-1		-1		-1		-1		-1		8401	1	4	0
200104	872415973	1	1.0	0	-1		-1		-1		-1		-1		-1		-1		-1		-1		-1		-1		-1		-1		-1		-1		-1		7701	1	4	0
200105	872415973	2	1.0	0	-1		-1		-1		-1		-1		-1		-1		-1		-1		-1		-1		-1		-1		-1		-1		-1		7702	1	4	0
200106	872415973	3	1.0	0	-1		-1		-1		-1		-1		-1		-1		-1		-1		-1		-1		-1		-1		-1		-1		-1		7720	1	4	0
200107	872415974	1	1.0	0	-1		-1		-1		-1		-1		-1		-1		-1		-1		-1		-1		-1		-1		-1		-1		-1		10419	1	4	0
200108	872415974	2	1.0	0	-1		-1		-1		-1		-1		-1		-1		-1		-1		-1		-1		-1		-1		-1		-1		-1		10430	1	4	0
200123	872415974	3	1.0	0	-1		-1		-1		-1		-1		-1		-1		-1		-1		-1		-1		-1		-1		-1		-1		-1		10101	1	4	0
200124	872415974	4	1.0	0	-1		-1		-1		-1		-1		-1		-1		-1		-1		-1		-1		-1		-1		-1		-1		-1		10105	1	4	0
200110	872416059	1	1.0	0	-1		-1		-1		-1		-1		-1		-1		-1		-1		-1		-1		-1		-1		-1		-1		-1		1611	1	4	0
200112	872416292	1	1.0	0	-1		-1		-1		-1		-1		-1		-1		-1		-1		-1		-1		-1		-1		-1		-1		-1		54	1	4	0
200114	872416328	1	1.0	0	-1		-1		-1		-1		-1		-1		-1		-1		-1		-1		-1		-1		-1		-1		-1		-1		3100	1	4	0
200116	872416415	1	1.0	0	-1		-1		-1		-1		-1		-1		-1		-1		-1		-1		-1		-1		-1		-1		-1		-1		4100	1	4	0
200117	872416452	1	1.0	0	-1		-1		-1		-1		-1		-1		-1		-1		-1		-1		-1		-1		-1		-1		-1		-1		5700	1	4	0
200120	872416481	1	1.0	0	-1		-1		-1		-1		-1		-1		-1		-1		-1		-1		-1		-1		-1		-1		-1		-1		6900	1	4	0
200126	872416615	1	1.0	0	-1		-1		-1		-1		-1		-1		-1		-1		-1		-1		-1		-1		-1		-1		-1		-1		8401	1	4	0
200127	872416709	1	1.0	0	-1		-1		-1		-1		-1		-1		-1		-1		-1		-1		-1		-1		-1		-1		-1		-1		12030	1	4	0
200128	872416709	2	1.0	0	-1		-1		-1		-1		-1		-1		-1		-1		-1		-1		-1		-1		-1		-1		-1		-1		12038	1	4	0
300000	872416201	1	0.0	0	-1		-1		-1		-1		-1		-1		-1		-1		-1		-1		-1		-1		-1		-1		-1		-1		0	0	0	0
300001	872416201	2	25.0	0	-1		-1		-1		-1		-1		-1		-1		-1		-1		-1		-1		-1		-1		-1		-1		-1		220083	1	5	0
300002	872416201	3	25.0	0	-1		-1		-1		-1		-1		-1		-1		-1		-1		-1		-1		-1		-1		-1		-1		-1		220086	1	5	0
300003	872416201	4	25.0	0	-1		-1		-1		-1		-1		-1		-1		-1		-1		-1		-1		-1		-1		-1		-1		-1		220087	1	5	0
300004	872416201	5	25.0	0	-1		-1		-1		-1		-1		-1		-1		-1		-1		-1		-1		-1		-1		-1		-1		-1		220096	1	5	0
300005	872416201	6	0.0	0	-1		-1		-1		-1		-1		-1		-1		-1		-1		-1		-1		-1		-1		-1		-1		-1		220081	1	5	0
300006	872416201	7	0.0	0	-1		-1		-1		-1		-1		-1		-1		-1		-1		-1		-1		-1		-1		-1		-1		-1		220080	1	5	0
300007	872416201	8	0.0	0	-1		-1		-1		-1		-1		-1		-1		-1		-1		-1		-1		-1		-1		-1		-1		-1		220097	1	5	0
300008	872416201	9	0.0	0	-1		-1		-1		-1		-1		-1		-1		-1		-1		-1		-1		-1		-1		-1		-1		-1		220082	1	5	0
300012	872416607	2	100.0	0	-1		-1		-1		-1		-1		-1		-1		-1		-1		-1		-1		-1		-1		-1		-1		-1		220083	1	5	0
300013	872416608	3	100.0	0	-1		-1		-1		-1		-1		-1		-1		-1		-1		-1		-1		-1		-1		-1		-1		-1		220086	1	5	0
300014	872416609	5	100.0	0	-1		-1		-1		-1		-1		-1		-1		-1		-1		-1		-1		-1		-1		-1		-1		-1		220096	1	5	0
300015	872416610	4	100.0	0	-1		-1		-1		-1		-1		-1		-1		-1		-1		-1		-1		-1		-1		-1		-1		-1		220087	1	5	0
