ROWID	_SkillIndex|INTEGER	_SkillLevel|INTEGER	_SkillLevelIconID|INTEGER	_EffectClassValue1|TEXT	_EffectClassValue1Duration|INTEGER	_EffectClassValue2|TEXT	_EffectClassValue2Duration|INTEGER	_EffectClassValue3|TEXT	_EffectClassValue3Duration|INTEGER	_EffectClassValue4|TEXT	_EffectClassValue4Duration|INTEGER	_EffectClassValue5|TEXT	_EffectClassValue5Duration|INTEGER	_LevelLimit|INTEGER	_DelayTime|INTEGER	_AddRange|INTEGER	_NeedItem|INTEGER	_NeedItemDecreaseCount|INTEGER	_DecreaseHP|INTEGER	_DecreaseSP|INTEGER	_HeroGetPoint|INTEGER	_SkillExplanationID|INTEGER	_SkillExplanationIDParam|TEXT	_StateEffectTableID|TEXT	_StateEffectOtherID|TEXT	_CanUseParam1|TEXT	_CanUseParam2|TEXT	_CanUseParam3|TEXT	_CanUseParam4|TEXT	_CanUseParam5|TEXT	_CanUseParam6|TEXT	_CanUseParam7|TEXT	_CanUseParam8|TEXT	_CanUseParam9|TEXT	_CanUseParam10|TEXT	_ProcessParam1|TEXT	_ProcessParam2|TEXT	_ProcessParam3|TEXT	_ProcessParam4|TEXT	_ProcessParam5|TEXT	_ProcessParam6|TEXT	_ProcessParam7|TEXT	_ProcessParam8|TEXT	_ProcessParam9|TEXT	_ProcessParam10|TEXT	_AddThreat|INTEGER	_ApplyTargetType|INTEGER	_HPConsumeType|DOUBLE	_SPConsumeType|DOUBLE	_NeedSkillPoint|INTEGER	_CPScore|INTEGER	_StartSuperArmor|DOUBLE	_StartCanHit|BOOLEAN	_ApplyType|INTEGER	_EffectClassValue6|TEXT	_EffectClassValue6Duration|INTEGER	_EffectClassValue7|TEXT	_EffectClassValue7Duration|INTEGER	_PDamage|DOUBLE	_MDamage|DOUBLE
106250	400001	1	0	0.3	20000	0.3	20000		0		0		0	0	0	0	0	0	0	0	0	0		206	206	0	0	0	0	0	0	0	0	0	0		0	0	0	0	0	0	0	0	0	0	0	0.0	0.0	0	0	0.0	true	1		0		0	0.0	0.0
108422	400002	1	0	0.3	20000	0.3	20000	0.5	20000		0		0	0	0	0	0	0	0	0	0	0		206;11003;	206;11003;	0	0	0	0	0	0	0	0	0	0		0	0	0	0	0	0	0	0	0	0	0	0.0	0.0	0	0	0.0	true	1		0		0	0.0	0.0
108423	400003	1	0	1	0		7000		0		0		0	0	0	0	0	0	0	0	0	0		23381	23381	0	0	0	0	0	0	0	0	0	0	Stand	0	0	0	0	0	0	0	0	0	0	0	0.0	0.0	0	0	0.0	true	1		0		0	0.0	0.0
108758	400004	1	0	1	0		7000		0		0		0	0	0	0	0	0	0	0	0	0		23382	23382	0	0	0	0	0	0	0	0	0	0	Stand	0	0	0	0	0	0	0	0	0	0	0	0.0	0.0	0	0	0.0	true	1		0		0	0.0	0.0
108759	400005	1	0	1	0		7000		0		0		0	0	0	0	0	0	0	0	0	0		23383	23383	0	0	0	0	0	0	0	0	0	0	Stand	0	0	0	0	0	0	0	0	0	0	0	0.0	0.0	0	0	0.0	true	1		0		0	0.0	0.0
108760	400006	1	0	1	0		10000		0		0		0	0	0	0	0	0	0	0	0	0		23383	23383	0	0	0	0	0	0	0	0	0	0	Stand	0	0	0	0	0	0	0	0	0	0	0	0.0	0.0	0	0	0.0	true	1		0		0	0.0	0.0
109701	400007	1	0	1	0		10000		0		0		0	0	0	0	0	0	0	0	0	0		23384	23384	0	0	0	0	0	0	0	0	0	0	Stand	0	0	0	0	0	0	0	0	0	0	0	0.0	0.0	0	0	0.0	true	1		0		0	0.0	0.0
109716	400021	1	0	1;0.1	10000	0	0	0	0	0	0	0	0	0	0	1000	0	0	0	0	0	0		2	0											Attack6_FireBust										0	0	0.0	0.0	0	0	0.0	true	1	0	0	0	0	0.0	0.0
109717	400022	1	0	1;0.1	10000	0	0	0	0	0	0	0	0	0	0	0	0	0	0	0	0	0		2	0											Attack1_Claw_Fire										0	0	0.0	0.0	0	0	0.0	true	1	0	0	0	0	0.0	0.0
109718	400026	1	0	1;0.1	10000	0	0	0	0	0	0	0	0	0	0	0	0	0	0	0	0	0		2	0	0	0	0	0	0	0	0	0	0	0	Attack2_Flame_Lv1	0	0	0	0	0	0	0	0	0	0	0	0.0	0.0	0	0	0.0	true	1	0	0	0	0	0.0	0.0
109719	400031	1	0	1;0.1	10000	0	0	0	0	0	0	0	0	0	0	0	0	0	0	0	0	0		2	0	0	0	0	0	0	0	0	0	0	0	Attack12_BigFireBall	0	0	0	0	0	0	0	0	0	0	0	0.0	0.0	0	0	0.0	true	1	0	0	0	0	0.0	0.0
109720	400032	1	0	1;0.1	10000	0	0	0	0	0	0	0	0	0	0	0	0	0	0	0	0	0		2	0	0	0	0	0	0	0	0	0	0	0	Attack11_FireWave	0	0	0	0	0	0	0	0	0	0	0	0.0	0.0	0	0	0.0	true	1	0	0	0	0	0.0	0.0
109721	400033	1	0	0.5	15000	0.5	15000	100	15000	-100	15000	0	0	0	0	0	0	0	0	0	0	0		32	0	0	0	0	0	0	0	0	0	0	0	Attack10_BerserkHowl	0	0	0	0	0	0	0	0	0	0	0	0.0	0.0	0	0	0.0	true	1	0	0	0	0	0.0	0.0
109821	400051	1	0	0.3	7000	0.3	7000		0		0		0	0	0	0	0	0	0	0	0	0		206	206																					0	0	0.0	0.0	0	0	0.0	true	0		0		0	0.0	0.0
109822	400056	1	0	0	5000	0	900000	0	900000	0	900000		0	0	0	0	0	0	0	0	0	0		1018;1019;	1018;1019;																					0	0	0.0	0.0	0	0	0.0	true	0		0		0	0.0	0.0
109823	400057	1	0	0	5000	0	900000	0	900000	0	900000		0	0	0	0	0	0	0	0	0	0		1018;1019;	1018;1019;																					0	0	0.0	0.0	0	0	0.0	true	0		0		0	0.0	0.0
109824	400058	1	0	0	5000	0	900000	0	900000	0	900000		0	0	0	0	0	0	0	0	0	0		1018;1019;	1018;1019;																					0	0	0.0	0.0	0	0	0.0	true	0		0		0	0.0	0.0
109825	400059	1	0	0	5000	0	900000	0	900000	0	900000		0	0	0	0	0	0	0	0	0	0		1018;1019;	1018;1019;																					0	0	0.0	0.0	0	0	0.0	true	0		0		0	0.0	0.0
109826	400060	1	0	0	5000	0	900000	0	900000	0	900000		0	0	0	0	0	0	0	0	0	0		1018;1019;	1018;1019;																					0	0	0.0	0.0	0	0	0.0	true	0		0		0	0.0	0.0
109827	400061	1	0	0	5000	0	900000	0	900000	0	900000		0	0	0	0	0	0	0	0	0	0		1018;1019;	1018;1019;																					0	0	0.0	0.0	0	0	0.0	true	0		0		0	0.0	0.0
109828	400062	1	0	0	5000	0	900000	0	900000	0	900000		0	0	0	0	0	0	0	0	0	0		1018;1019;	1018;1019;																					0	0	0.0	0.0	0	0	0.0	true	0		0		0	0.0	0.0
109829	400063	1	0	0	5000	0	900000	0	900000	0	900000		0	0	0	0	0	0	0	0	0	0		1018;1019;	1018;1019;																					0	0	0.0	0.0	0	0	0.0	true	0		0		0	0.0	0.0
109830	400064	1	0	0	5000	0	900000	0	900000	0	900000		0	0	0	0	0	0	0	0	0	0		1018;1019;	1018;1019;																					0	0	0.0	0.0	0	0	0.0	true	0		0		0	0.0	0.0
109831	400065	1	0	0	5000	0	900000	0	900000	0	900000		0	0	0	0	0	0	0	0	0	0		1018;1019;	1018;1019;																					0	0	0.0	0.0	0	0	0.0	true	0		0		0	0.0	0.0
109832	400066	1	0	0	5000	0	900000	0	900000	0	900000		0	0	0	0	0	0	0	0	0	0		1018;1019;	1018;1019;																					0	0	0.0	0.0	0	0	0.0	true	0		0		0	0.0	0.0
109833	400067	1	0	0	5000	0	900000	0	900000	0	900000		0	0	0	0	0	0	0	0	0	0		1018;1019;	1018;1019;																					0	0	0.0	0.0	0	0	0.0	true	0		0		0	0.0	0.0
109834	400068	1	0	0	5000	0	900000	0	900000	0	900000		0	0	0	0	0	0	0	0	0	0		1018;1019;	1018;1019;																					0	0	0.0	0.0	0	0	0.0	true	0		0		0	0.0	0.0
109835	400069	1	0	0	5000	0	900000	0	900000	0	900000		0	0	0	0	0	0	0	0	0	0		1018;1019;	1018;1019;																					0	0	0.0	0.0	0	0	0.0	true	0		0		0	0.0	0.0
109836	400070	1	0	0	5000	0	900000	0	900000	0	900000		0	0	0	0	0	0	0	0	0	0		1018;1019;	1018;1019;																					0	0	0.0	0.0	0	0	0.0	true	0		0		0	0.0	0.0
109837	400071	1	0	0	5000	0	900000	0	900000	0	900000		0	0	0	0	0	0	0	0	0	0		1018;1019;	1018;1019;																					0	0	0.0	0.0	0	0	0.0	true	0		0		0	0.0	0.0
118582	400101	1	0	-0.3;-0.3;0	5000		0		0		0		0	0	0	0	0	0	0	0	0	0		303;	0											Attack01_LinearPunch_IB			0	0	0	0	0	0	0	0	0	0.0	0.0	0	0	0.0	true	1		0		0	0.0	0.0
118583	400102	1	0		0		0		0		0		0	0	0	0	0	0	0	0	0	0		0	0											Attack02_Shortblow_IB			0	0	0	0	0	0	0	0	0	0.0	0.0	0	0	0.0	true	1		0		0	0.0	0.0
118584	400103	1	0		0		0		0		0		0	0	0	0	0	0	0	0	0	0		0	0											Attack04_RollingAttack_IB_Start	Attack04_RollingAttack_IB_Loop	Attack04_RollingAttack_IB_End	2000	600	0	0	0	0	0	0	0	0.0	0.0	0	0	0.0	true	1		0		0	0.0	0.0
118585	400104	1	0	-0.3;-0.3;0	5000		0		0		0		0	0	0	0	0	0	0	0	0	0		303;	0											Attack06_IceTrail_IB			0	0	0	0	0	0	0	0	0	0.0	0.0	0	0	0.0	true	1		0		0	0.0	0.0
118586	400105	1	0	0.40;100	3000		0		0		0		0	0	0	0	0	0	0	0	0	0		304;	0											Attack19_8MJump_IB			0	0	0	0	0	0	0	0	0	0.0	0.0	0	0	0.0	true	1		0		0	0.0	0.0
118589	400106	1	0		0		0		0		0		0	0	0	0	0	0	0	0	0	0		0	0											Attack20_ByeBye_IB_Start	Attack20_ByeBye_IB_Loop	Attack20_ByeBye_IB_End	2000							0	0	0.0	0.0	0	0	0.0	true	1		0		0	0.0	0.0
118601	400111	1	0		0		0		0		0		0	0	0	0	0	0	0	0	0	0		0	0											Attack01_Bash_IB										0	0	0.0	0.0	0	0	100.0	true	1		0		0	0.0	0.0
118681	400112	1	0	0.1	6000		0		0		0		0	0	0	0	0	0	0	0	0	0		402;	0											Attack07_ElectricDash_IB										0	0	0.0	0.0	0	0	100.0	true	1		0		0	0.0	0.0
118682	400113	1	0		0		0		0		0		0	0	0	0	0	0	0	0	0	0		0	0											Attack15_ByeBye_IB										0	0	0.0	0.0	0	0	100.0	true	1		0		0	0.0	0.0
118683	400114	1	0	0.1	6000		0		0		0		0	0	0	0	0	0	0	0	0	0		402;	0											Attack20_LinearLightning_IB										0	0	0.0	0.0	0	0	100.0	true	1		0		0	0.0	0.0
118684	400115	1	0		0		0		0		0		0	0	0	0	0	0	0	0	0	0		0	0											Attack24_SummonRelicBuff_IB										0	0	0.0	0.0	0	0	100.0	true	1		0		0	0.0	0.0
118685	400116	1	0		0		0		0		0		0	0	0	0	0	0	0	0	0	0		0	0											Attack24_SummonRelicCharger_IB										0	0	0.0	0.0	0	0	100.0	true	1		0		0	0.0	0.0
118686	400117	1	0		0		0		0		0		0	0	0	0	0	0	0	0	0	0		0	0											Attack25_DeathHug_IB_Start	Attack25_DeathHug_IB_Loop	Attack25_DeathHug_IB_End	2000							0	0	0.0	0.0	0	0	100.0	true	1		0		0	0.0	0.0
118687	400118	1	0		0		0		0		0		0	0	0	0	0	0	0	0	0	0		0	0											Attack26_DeathHugFin_IB										0	0	0.0	0.0	0	0	100.0	true	1		0		0	0.0	0.0
118602	400121	1	0	0	0	0	0	0	0	0	0	0	0	0	0	0	0	0	0	0	0	0		0	0	0	0	0	0	0	0	0	0	0	0	Attack001_LHook_IB				0	0	0	0	0	0	0	0	0.0	0.0	0	0	100.0	true	1	0	0	0	0	0.0	0.0
118603	400122	1	0	0	0	0	0	0	0	0	0	0	0	0	0	0	0	0	0	0	0	0		0	0	0	0	0	0	0	0	0	0	0	0	Attack002_RHook_IB				0	0	0	0	0	0	0	0	0.0	0.0	0	0	100.0	true	1	0	0	0	0	0.0	0.0
118604	400123	1	0	0	0	0	0	0	0	0	0	0	0	0	0	0	0	0	0	0	0	0		0	0	0	0	0	0	0	0	0	0	0	0	Attack004_RTail_IB				0	0	0	0	0	0	0	0	0.0	0.0	0	0	100.0	true	1	0	0	0	0	0.0	0.0
118605	400124	1	0	0	0	0	0	0	0	0	0	0	0	0	0	0	0	0	0	0	0	0		0	0	0	0	0	0	0	0	0	0	0	0	Attack005_LTail_IB				0	0	0	0	0	0	0	0	0.0	0.0	0	0	100.0	true	1	0	0	0	0	0.0	0.0
118606	400125	1	0	-0.3	3000	-0.3	3000		0	0	0	0	0	0	0	0	0	0	0	0	0	0		1020;	0	0	0	0	0	0	0	0	0	0	0	Attack006_Thorn_IB				0	0	0	0	0	0	0	0	0.0	0.0	0	0	100.0	true	1	0	0	0	0	0.0	0.0
118607	400126	1	0	1	1000	0	0	0	0	0	0	0	0	0	0	0	0	0	0	0	0	0		42;106;	0	0	0	0	0	0	0	0	0	0	0	Attack010_BlackCloud_IB				0	0	0	0	0	0	0	0	0.0	0.0	0	0	100.0	true	1	0	0	0	0	0.0	0.0
118608	400127	1	0	100;1000	4000	0	0	0	0	0	0	0	0	0	0	0	0	0	0	0	0	0		11361;	0	0	0	0	0	0	0	0	0	0	0	Attack011_PhantomHowl_IB				0	0	0	0	0	0	0	0	0.0	0.0	0	0	100.0	true	1	0	0	0	0	0.0	0.0
118609	400128	1	0	0	0	0	0	0	0	0	0	0	0	0	0	0	0	0	0	0	0	0		0	0	0	0	0	0	0	0	0	0	0	0	Attack014_ByeBye_IB				0	0	0	0	0	0	0	0	0.0	0.0	0	0	100.0	true	1	0	0	0	0	0.0	0.0
118610	400129	1	0	0	0	0	0	0	0	0	0	0	0	0	0	0	0	0	0	0	0	0		0	0	0	0	0	0	0	0	0	0	0	0	Attack021_DashAttack_IB				0	0	0	0	0	0	0	0	0.0	0.0	0	0	100.0	true	1	0	0	0	0	0.0	0.0
118612	400130	1	0	1	3000	0	0	0	0	0	0	0	0	0	0	0	0	0	0	0	0	0		11288;	0	0	0	0	0	0	0	0	0	0	0	Attack022_BlackBreath_IB_Start	Attack022_BlackBreath_IB_Loop	Attack022_BlackBreath_IB_End	3000	0	0	0	0	0	0	0	0	0.0	0.0	0	0	100.0	true	1	0	0	0	0	0.0	0.0
118625	400131	1	0	1;0.05;0	11000		0		0		0		0	0	0	0	0	0	0	0	0	0		301;	0											Attack01_Swing_IB										0	0	0.0	0.0	0	0	100.0	true	1		0		0	0.0	0.0
118626	400132	1	0	1;0.05;0	11000		0		0		0		0	0	0	0	0	0	0	0	0	0		301;	0											Attack03_ShieldAttack_IB										0	0	0.0	0.0	0	0	100.0	true	1		0		0	0.0	0.0
118627	400133	1	0		0		0		0		0		0	0	0	0	0	0	0	0	0	0		0	0											Attack04_Charge_IB_Start	Attack04_Charge_IB_Loop	Attack04_Charge_IB_End	2000	800						0	0	0.0	0.0	0	0	100.0	true	1		0		0	0.0	0.0
118628	400134	1	0		0		0		0		0		0	0	0	0	0	0	0	0	0	0		0	0											Attack06_Counter_IB										0	0	0.0	0.0	0	0	100.0	true	1		0		0	0.0	0.0
118629	400135	1	0		0		0		0		0		0	0	0	0	0	0	0	0	0	0		0	0											Attack06_Counter_IB_Start	Attack06_Counter_IB_Loop	Attack06_Counter_IB_End	6000							0	0	0.0	0.0	0	0	100.0	true	1		0		0	0.0	0.0
118630	400136	1	0	1;0.05;0	11000		0		0		0		0	0	0	0	0	0	0	0	0	0		301;	0											Attack10_ExplosionCri_IB_Start	Attack10_ExplosionCri_IB_Loop	Attack10_ExplosionCri_IB_End	4000							0	0	0.0	0.0	0	0	100.0	true	1		0		0	0.0	0.0
118631	400137	1	0		0		0		0		0		0	0	0	0	0	0	0	0	0	0		0	0											Attack12_ByeBye_IB										0	0	0.0	0.0	0	0	100.0	true	1		0		0	0.0	0.0
118647	400141	1	0		0		0		0		0		0	0	0	0	0	0	0	0	0	0		0	0											Attack01_Slash_IB										0	0	0.0	0.0	0	0	100.0	true	1		0		0	0.0	0.0
118648	400142	1	0		0		0		0		0		0	0	0	0	0	0	0	0	0	0		0	0											Attack03_JumpAttack_IB										0	0	0.0	0.0	0	0	100.0	true	1		0		0	0.0	0.0
118649	400143	1	0	1;0;Hit_Front;1;	4000		0		0		0		0	0	0	0	0	0	0	0	0	0		11381;	0											Attack04_Wep_IB										0	0	0.0	0.0	0	0	100.0	true	1		0		0	0.0	0.0
118650	400144	1	0		0		0		0		0		0	0	0	0	0	0	0	0	0	0		0	0											Attack05_Spawn_IB										0	0	0.0	0.0	0	0	100.0	true	1		0		0	0.0	0.0
118651	400145	1	0		0		0		0		0		0	0	0	0	0	0	0	0	0	0		0	0											Attack07_Fury_IB										0	0	0.0	0.0	0	0	100.0	true	1		0		0	0.0	0.0
118652	400146	1	0		0		0		0		0		0	0	0	0	0	0	0	0	0	0		0	0											Attack08_RollingAttack_IB										0	0	0.0	0.0	0	0	100.0	true	1		0		0	0.0	0.0
118653	400147	1	0		0		0		0		0		0	0	0	0	0	0	0	0	0	0		0	0											Attack09_ByeBye_IB										0	0	0.0	0.0	0	0	100.0	true	1		0		0	0.0	0.0
118654	400151	1	0		0		0		0		0		0	0	0	0	0	0	0	0	0	0		0	0											Attack01_RightHook_IB										0	0	0.0	0.0	0	0	100.0	true	1		0		0	0.0	0.0
118655	400152	1	0		0		0		0		0		0	0	0	0	0	0	0	0	0	0		0	0											Attack02_LeftUpper_IB										0	0	0.0	0.0	0	0	100.0	true	1		0		0	0.0	0.0
118656	400153	1	0		0		0		0		0		0	0	0	0	0	0	0	0	0	0		0	0											Attack03_Clap_IB										0	0	0.0	0.0	0	0	100.0	true	1		0		0	0.0	0.0
118657	400154	1	0		0		0		0		0		0	0	0	0	0	0	0	0	0	0		0	0											Attack05_RiderKick_IB_Start	Attack05_RiderKick_IB_Loop	Attack05_RiderKick_IB_End	3000							0	0	0.0	0.0	0	0	100.0	true	1		0		0	0.0	0.0
118658	400155	1	0		0		0		0		0		0	0	0	0	0	0	0	0	0	0		0	0											Attack06_DampseyRoll_IB_Start	Attack06_DampseyRoll_IB_Loop	Attack06_DampseyRoll_IB_End	1600							0	0	0.0	0.0	0	0	100.0	true	1		0		0	0.0	0.0
118659	400156	1	0		0		0		0		0		0	0	0	0	0	0	0	0	0	0		0	0											Attack13_WhirlAttack_IB										0	0	0.0	0.0	0	0	100.0	true	1		0		0	0.0	0.0
118660	400157	1	0		0		0		0		0		0	0	0	0	0	0	0	0	0	0		0	0											Attack15_ByeBye_IB										0	0	0.0	0.0	0	0	100.0	true	1		0		0	0.0	0.0
118661	400158	1	0		0		0		0		0		0	0	0	0	0	0	0	0	0	0		0	0											Attack15_FearHowl_IB										0	0	0.0	0.0	0	0	100.0	true	1		0		0	0.0	0.0
129544	400201	1	0	0.8	900000	0.8	900000	0.5	900000	0.5	900000	0.02	900000	0	0	0	0	0	0	0	0	1000112913		0	0																					0	0	0.0	0.0	0	0	100.0	true	1		0		0	0.0	0.0
129545	400202	1	0	0.5	900000	0.5	900000	0.6	900000	0.6	900000	0.02	900000	0	0	0	0	0	0	0	0	1000112913		0	0																					0	0	0.0	0.0	0	0	100.0	true	1		0		0	0.0	0.0
129546	400203	1	0	0.4	900000	0.4	900000	0.7	900000	0.7	900000	0.02	900000	0	0	0	0	0	0	0	0	1000112913		0	0																					0	0	0.0	0.0	0	0	100.0	true	1		0		0	0.0	0.0
129547	400204	1	0	0.3	900000	0.3	900000	0.8	900000	0.8	900000	0.02	900000	0	0	0	0	0	0	0	0	1000112913		0	0																					0	0	0.0	0.0	0	0	100.0	true	1		0		0	0.0	0.0
129548	400205	1	0	0.1	900000	0.1	900000	0.9	900000	0.9	900000	0.02	900000	0	0	0	0	0	0	0	0	1000112913		0	0																					0	0	0.0	0.0	0	0	100.0	true	1		0		0	0.0	0.0
129549	400206	1	0	0.02	900000		0		0		0		0	0	0	0	0	0	0	0	0	1000112914		0	0																					0	0	0.0	0.0	0	0	100.0	true	1		0		0	0.0	0.0
132681	400301	1	0		0		0		0		0		0	0	0	0	0	0	0	0	0	0		0	0											Attack_Die_InfinityBattle2										0	0	0.0	0.0	0	0	100.0	true	1		0		0	0.0	0.0
132698	400311	1	0		0		0		0		0		0	0	0	0	0	0	0	0	0	0		0	0											Attack08_RollingBomb_Start	Attack08_RollingBomb_Loop	Attack08_RollingBomb_End	2300							0	0	0.0	0.0	0	0	100.0	true	1		0		0	0.0	0.0
132699	400312	1	0		0		0		0		0		0	0	0	0	0	0	0	0	0	0		0	0											Attack08_FlameShower_Start	Attack08_FlameShower_Loop	Attack08_FlameShower_End	2000							0	0	0.0	0.0	0	0	100.0	true	1		0		0	0.0	0.0
132700	400313	1	0		0		0		0		0		0	0	0	0	0	0	0	0	0	0		0	0											Attack06_ShotNapalm										0	0	0.0	0.0	0	0	100.0	true	1		0		0	0.0	0.0
132701	400321	1	0		0		0		0		0		0	0	0	0	0	0	0	0	0	0		0	0											Attack1_LightningBall										0	0	0.0	0.0	0	0	100.0	true	1		0		0	0.0	0.0
132702	400322	1	0		0		0		0		0		0	0	0	0	0	0	0	0	0	0		0	0											Attack10_FingerChainlightning_Start	Attack10_FingerChainlightning_Loop	Attack10_FingerChainlightning_End	5000							0	0	0.0	0.0	0	0	100.0	true	1		0		0	0.0	0.0
132703	400323	1	0		0		0		0		0		0	0	0	0	0	0	0	0	0	0		0	0											Attack8_Lightningburst										0	0	0.0	0.0	0	0	100.0	true	1		0		0	0.0	0.0
132704	400331	1	0		0		0		0		0		0	0	0	0	0	0	0	0	0	0		0	0											Attack02_ChainSawRush										0	0	0.0	0.0	0	0	100.0	true	1		0		0	0.0	0.0
132705	400332	1	0		0		0		0		0		0	0	0	0	0	0	0	0	0	0		0	0											Attack03_OpenCover_ElectricBall										0	0	0.0	0.0	0	0	100.0	true	1		0		0	0.0	0.0
132706	400333	1	0		0		0		0		0		0	0	0	0	0	0	0	0	0	0		0	0											Attack05_Mortar										0	0	0.0	0.0	0	0	100.0	true	1		0		0	0.0	0.0
132707	400334	1	0		0		0		0		0		0	0	0	0	0	0	0	0	0	0		0	0											Attack03_OpenCover_Poison										0	0	0.0	0.0	0	0	100.0	true	1		0		0	0.0	0.0
132739	400341	1	0		0		0		0		0		0	0	0	0	0	0	0	0	0	0		0	0											Attack2_CycloneSlash										0	0	0.0	0.0	0	0	100.0	true	1		0		0	0.0	0.0
132740	400342	1	0		0		0		0		0		0	0	0	0	0	0	0	0	0	0		0	0											Attack3_LineDrive										0	0	0.0	0.0	0	0	100.0	true	1		0		0	0.0	0.0
132741	400343	1	0		0		0		0		0		0	0	0	0	0	0	0	0	0	0		0	0											Attack4_Sword										0	0	0.0	0.0	0	0	100.0	true	1		0		0	0.0	0.0
132742	400351	1	0		0		0		0		0		0	0	0	0	0	0	0	0	0	0		0	0											Attack04_ClodThrow_MistNest										0	0	0.0	0.0	0	0	100.0	true	1		0		0	0.0	0.0
132743	400352	1	0		0		0		0		0		0	0	0	0	0	0	0	0	0	0		0	0											Attack02_StainedFootStep_MistNest										0	0	0.0	0.0	0	0	100.0	true	1		0		0	0.0	0.0
132744	400353	1	0		0		0		0		0		0	0	0	0	0	0	0	0	0	0		0	0											Attack08_LineAttack_Start	Attack08_LineAttack_Loop	Attack08_LineAttack_End	2000							0	0	0.0	0.0	0	0	100.0	true	1		0		0	0.0	0.0
132745	400361	1	0		0		0		0		0		0	0	0	0	0	0	0	0	0	0		0	0											Attack01_Punch										0	0	0.0	0.0	0	0	100.0	true	1		0		0	0.0	0.0
132746	400362	1	0		0		0		0		0		0	0	0	0	0	0	0	0	0	0		0	0											Attack02_Dempsey_Start	Attack02_Dempsey_Loop	Attack02_Dempsey_End	3000	50						0	0	0.0	0.0	0	0	100.0	true	1		0		0	0.0	0.0
132747	400363	1	0		0		0		0		0		0	0	0	0	0	0	0	0	0	0		0	0											Attack03_Hammer										0	0	0.0	0.0	0	0	100.0	true	1		0		0	0.0	0.0
132748	400364	1	0		0		0		0		0		0	0	0	0	0	0	0	0	0	0		0	0											Attack02_Dempsey_Upper										0	0	0.0	0.0	0	0	100.0	true	1		0		0	0.0	0.0
132749	400371	1	0		0		0		0		0		0	0	0	0	0	0	0	0	0	0		0	0											Attack01_Slash										0	0	0.0	0.0	0	0	100.0	true	1		0		0	0.0	0.0
132750	400372	1	0		0		0		0		0		0	0	0	0	0	0	0	0	0	0		0	0											Attack02_Boomerang										0	0	0.0	0.0	0	0	100.0	true	1		0		0	0.0	0.0
132751	400373	1	0		0		0		0		0		0	0	0	0	0	0	0	0	0	0		0	0											Attack03_MagicActivate										0	0	0.0	0.0	0	0	100.0	true	1		0		0	0.0	0.0
132752	400381	1	0		0		0		0		0		0	0	0	0	0	0	0	0	0	0		0	0											Attack08_IceWind_Nightmare_Start	Attack08_IceWind_Nightmare_Loop	Attack08_IceWind_Nightmare_End	4000	1						0	0	0.0	0.0	0	0	100.0	true	1		0		0	0.0	0.0
132753	400382	1	0		0		0		0		0		0	0	0	0	0	0	0	0	0	0		0	0											Attack07_Wax-Nightmare										0	0	0.0	0.0	0	0	100.0	true	1		0		0	0.0	0.0
132754	400383	1	0		0		0		0		0		0	0	0	0	0	0	0	0	0	0		0	0											Attack03_Rush_Start	Attack03_Rush_Loop	Attack03_Rush_End	3000	600						0	0	0.0	0.0	0	0	100.0	true	1		0		0	0.0	0.0
132755	400391	1	0		0		0		0		0		0	0	0	0	0	0	0	0	0	0		0	0											Attack1_Rush_Start	Attack1_Rush_Loop	Attack1_Rush_End	1500	150						0	0	0.0	0.0	0	0	100.0	true	1		0		0	0.0	0.0
132756	400392	1	0		0		0		0		0		0	0	0	0	0	0	0	0	0	0		0	0											Attack5_Swing										0	0	0.0	0.0	0	0	100.0	true	1		0		0	0.0	0.0
132757	400393	1	0		0		0		0		0		0	0	0	0	0	0	0	0	0	0		0	0											Attack4_Shot_Nightmare										0	0	0.0	0.0	0	0	100.0	true	1		0		0	0.0	0.0
132758	400394	1	0		0		0		0		0		0	0	0	0	0	0	0	0	0	0		0	0											Attack7_Shotgun_Nigtmare_Start	Attack7_Shotgun_Nigtmare_Loop	Attack7_Shotgun_Nigtmare_End	2000							0	0	0.0	0.0	0	0	100.0	true	1		0		0	0.0	0.0
132759	400401	1	0		0		0		0		0		0	0	0	0	0	0	0	0	0	0		0	0											Attack04_StaffAttack_Start	Attack04_StaffAttack_Loop	Attack04_StaffAttack_End	3000							0	0	0.0	0.0	0	0	100.0	true	1		0		0	0.0	0.0
132760	400402	1	0		0		0		0		0		0	0	0	0	0	0	0	0	0	0		0	0											Attack05_Stab										0	0	0.0	0.0	0	0	100.0	true	1		0		0	0.0	0.0
132761	400411	1	0		0		0		0		0		0	0	0	0	0	0	0	0	0	0		0	0											Attack03_Radar_Start_ChallengeMode	Attack03_Radar_Loop_ChallengeMode	Attack03_Radar_End_ChallengeMode	3660							0	0	0.0	0.0	0	0	100.0	true	1		0		0	0.0	0.0
132711	400451	1	0	1035/2042/3039/4023/5021/6025/7041/7745/12011	90000000		0		0		0		0	0	0	0	0	0	0	0	0	0		0	0																					0	0	0.0	0.0	0	0	100.0	true	1		0		0	0.0	0.0
132712	400452	1	0		0		0		0		0		0	0	0	0	0	0	0	0	0	0		0	0											Attack01_Open										0	0	0.0	0.0	0	0	100.0	true	1		0		0	0.0	0.0
132713	400453	1	0		0		0		0		0		0	0	0	0	0	0	0	0	0	0		0	0											Attack01_Open_A										0	0	0.0	0.0	0	0	100.0	true	1		0		0	0.0	0.0
157030	400454	1	0		0		0		0		0		0	0	0	0	0	0	0	0	0	0		0	0											Attack01_Close_Start	Attack01_Close_Loop	Attack01_Close_End	500							0	0	0.0	0.0	0	0	100.0	true	1		0		0	0.0	0.0
157031	400455	1	0		0		0		0		0		0	0	0	0	0	0	0	0	0	0		0	0											Attack01_Idle										0	0	0.0	0.0	0	0	100.0	true	1		0		0	0.0	0.0
157079	400461	1	0	1.5	150000	1.5	150000	0.5	150000		0		0	0	0	0	0	0	0	0	0	1000161192		23388	0																					0	0	0.0	0.0	0	0	100.0	true	1		0		0	0.0	0.0
157080	400462	1	0	1.5	150000	1.5	150000	500000	150000	0.5	150000	0.5	150000	0	0	0	0	0	0	0	0	1000161193		23390	0																					0	0	0.0	0.0	0	0	100.0	true	1		0		0	0.0	0.0
157081	400463	1	0	400522;400523;400525	180000	0.5	180000	1	180000	1	180000	1	180000	0	0	0	0	0	0	0	0	1000161194		23386	0																					0	0	0.0	0.0	0	0	100.0	true	1	1	180000		0	0.0	0.0
157082	400471	1	0	0.5	120000	0.5	120000	0.02	120000	23392	120000		0	0	0	0	0	0	0	0	0	1000161195		0	0																					0	0	0.0	0.0	0	0	100.0	true	1		0		0	0.0	0.0
157083	400472	1	0	0.5	120000	0.5	120000	0.02	120000	23394	120000		0	0	0	0	0	0	0	0	0	1000161196		0	0																					0	0	0.0	0.0	0	0	100.0	true	1		0		0	0.0	0.0
157084	400473	0	0		0		0		0		0		0	0	0	0	0	0	0	0	0	0		0	0																					0	0	0.0	0.0	0	0	0.0	true	0		0		0	0.0	0.0
157085	400481	1	0	0.2	1000	0.2	1000	23401	10000		0		0	0	0	0	0	0	0	0	0	1000161197		0	0											Attack00_TownBuff										0	0	0.0	0.0	0	0	100.0	true	1		0		0	0.0	0.0
157086	400482	1	0	18/1035/2042/3039/4023/5021/6025/7041/7745	30000		0		0		0		0	0	0	0	0	0	0	0	0	1000161198		23396	0																					0	0	0.0	0.0	0	0	100.0	true	1		0		0	0.0	0.0
157087	400483	1	0	0.3	3000		0		0		0		0	0	0	0	0	0	0	0	0	1000161199		0	0											Attack00_MoveBuff										0	0	0.0	0.0	0	0	100.0	true	1		0		0	0.0	0.0
157100	400484	1	0		1000	23402	10000		0		0		0	0	0	0	0	0	0	0	0	1000161200		0	0											Attack00_Town_Damage_Buff	950									0	0	0.0	0.0	0	0	100.0	true	1		0		0	0.0	0.0
157265	400485	1	0	1;0;Hit_Front	10000		0		0		0		0	0	0	0	0	0	0	0	0	0		11348	11348																					0	0	0.0	0.0	0	0	100.0	true	1		0		0	0.0	0.0
157266	400486	1	0	400003;400004;400005;400006;400007	1000		0		0		0		0	0	0	0	0	0	0	0	0	0		0	0																					0	0	0.0	0.0	0	0	100.0	true	1		0		0	0.0	0.0
157326	400487	1	0	400481	90000000		0		0		0		0	0	0	0	0	0	0	0	0	0		0	0																					0	0	0.0	0.0	0	0	100.0	true	1		0		0	0.0	0.0
157331	400488	1	0	400484	90000000		0		0		0		0	0	0	0	0	0	0	0	0	0		0	0																					0	0	0.0	0.0	0	0	100.0	true	1		0		0	0.0	0.0
157332	400489	1	0	400481	90000000		0		0		0		0	0	0	0	0	0	0	0	0	0		0	0																					0	0	0.0	0.0	0	0	100.0	true	1		0		0	0.0	0.0
157334	400490	1	0	400481	90000000		0		0		0		0	0	0	0	0	0	0	0	0	0		0	0																					0	0	0.0	0.0	0	0	100.0	true	1		0		0	0.0	0.0
157336	400480	1	0	400481	1000		0		0		0		0	0	0	0	0	0	0	0	0	0		0	0																					0	0	0.0	0.0	0	0	100.0	true	1		0		0	0.0	0.0
157101	400491	1	0	0.8	1200000	0.8	1200000	0.5	1200000	0.5	1200000	0.05	1200000	0	0	0	0	0	0	0	0	1000161201		0	0																					0	0	0.0	0.0	0	0	100.0	true	1		0		0	0.0	0.0
157102	400492	1	0	0.5	1200000	0.5	1200000	0.6	1200000	0.6	1200000	0.05	1200000	0	0	0	0	0	0	0	0	1000161202		0	0																					0	0	0.0	0.0	0	0	100.0	true	1		0		0	0.0	0.0
157103	400493	1	0	0.4	1200000	0.4	1200000	0.7	1200000	0.7	1200000	0.05	1200000	0	0	0	0	0	0	0	0	1000161203		0	0																					0	0	0.0	0.0	0	0	100.0	true	1		0		0	0.0	0.0
157104	400494	1	0	0.3	1200000	0.3	1200000	0.8	1200000	0.8	1200000		0	0	0	0	0	0	0	0	0	1000161528		0	0																					0	0	0.0	0.0	0	0	100.0	true	1		0		0	0.0	0.0
157105	400495	1	0	0.1	1200000	0.1	1200000	0.9	1200000	0.9	1200000		0	0	0	0	0	0	0	0	0	1000161529		0	0																					0	0	0.0	0.0	0	0	100.0	true	1		0		0	0.0	0.0
157106	400496	1	0		0		0		0		0		0	0	0	0	0	0	0	0	0	0		0	0																					0	0	0.0	0.0	0	0	100.0	true	1		0		0	0.0	0.0
157107	400501	1	0	-0.05;1	1000		2000	0.5	0		0		0	0	0	0	0	0	0	0	0	0		0	0											Attack01_Town_No1_Start	Attack01_Town_No1_Loop	Attack01_Town_No1_End	1000							0	0	0.0	0.0	0	0	100.0	true	1		0		0	0.0	0.0
157108	400502	1	0	400503;400504	1000		0		0		0		0	0	0	0	0	0	0	0	0	0		0	0																					0	0	0.0	0.0	0	0	100.0	true	1		0		0	0.0	0.0
157109	400503	1	0	0.5	1000		0		0		0		0	0	0	0	0	0	0	0	0	0		0	0																					0	0	0.0	0.0	0	0	100.0	true	1		0		0	0.0	0.0
157110	400504	1	0	0.75	1000		0		0		0		0	0	0	0	0	0	0	0	0	0		0	0																					0	0	0.0	0.0	0	0	100.0	true	1		0		0	0.0	0.0
157111	400505	1	0	0.2	1000		0		0		0		0	0	0	0	0	0	0	0	0	0		0	0																					0	0	0.0	0.0	0	0	100.0	true	1		0		0	0.0	0.0
157561	400506	1	0	0.5	20000		0		0		0		0	0	0	0	0	0	0	0	0	1000161861		23395	0																					0	0	0.0	0.0	0	0	100.0	true	1		0		0	0.0	0.0
157727	400507	1	0	0.5	10000		0		0		0		0	0	0	0	0	0	0	0	0	1000161861		23395	0											Attack01_Town_No2_Start	Attack01_Town_No2_Loop	Attack01_Town_No2_End	2000							0	0	0.0	0.0	0	0	100.0	true	1		0		0	0.0	0.0
157117	400511	1	0	0.5	20000		20000		0		0		0	0	0	0	0	0	0	0	0	1000161861		23395	0											Attack_Front_Start	Attack_Front_Loop	Attack_Front_End	5000							0	0	0.0	0.0	0	0	100.0	true	1		0		0	0.0	0.0
157118	400512	1	0	0.5	20000		20000		0		0		0	0	0	0	0	0	0	0	0	1000161861		23395	0											Attack_Back_Start	Attack_Back_Loop	Attack_Back_End	5000							0	0	0.0	0.0	0	0	100.0	true	1		0		0	0.0	0.0
157119	400513	1	0		5000		0		0		0		0	0	0	0	0	0	0	0	0	0		0	0																					0	0	0.0	0.0	0	0	100.0	true	1		0		0	0.0	0.0
157120	400514	1	0		5000		0		0		0		0	0	0	0	0	0	0	0	0	0		0	0																					0	0	0.0	0.0	0	0	100.0	true	1		0		0	0.0	0.0
157121	400515	1	0	0.5	20000		20000		3000		0		0	0	0	0	0	0	0	0	0	1000161861		23395	0											Attack_Stand										0	0	0.0	0.0	0	0	100.0	true	1		0		0	0.0	0.0
157197	400516	1	0	0.5	20000		20000		0		0		0	0	0	0	0	0	0	0	0	1000161861		23395	0											Attack_Front02_Start	Attack_Front02_Loop	Attack_Front02_End	5000							0	0	0.0	0.0	0	0	100.0	true	1		0		0	0.0	0.0
157198	400517	1	0	0.5	20000		20000		0		0		0	0	0	0	0	0	0	0	0	1000161861		23395	0											Attack_Back02_Start	Attack_Back02_Loop	Attack_Back02_End	5000							0	0	0.0	0.0	0	0	100.0	true	1		0		0	0.0	0.0
157199	400518	1	0	400513	1000		0		0		0		0	0	0	0	0	0	0	0	0	0		0	0																					0	0	0.0	0.0	0	0	100.0	true	1		0		0	0.0	0.0
157200	400519	1	0	400514	1000		0		0		0		0	0	0	0	0	0	0	0	0	0		0	0																					0	0	0.0	0.0	0	0	100.0	true	1		0		0	0.0	0.0
157201	400520	1	0	0.5	20000		20000		0		0		0	0	0	0	0	0	0	0	0	1000161861		23395	0											Attack_Stand02										0	0	0.0	0.0	0	0	100.0	true	1		0		0	0.0	0.0
157445	400521	1	0	-0.02;1	1000		0		0		0		0	0	0	0	0	0	0	0	0	0		0	0											Attack01_CrowlShoot_Start	Attack01_CrowlShoot_Loop	Attack01_CrowlShoot_End	24000							0	0	0.0	0.0	0	0	100.0	true	1		0		0	0.0	0.0
157446	400522	1	0	1	11000		11000		0		0		0	0	0	0	0	0	0	0	0	1000161625		6	0											Attack02_SparkField_Start	Attack02_SparkField_Loop	Attack02_SparkField_End	120000							0	0	0.0	0.0	0	0	100.0	true	1		0		0	0.0	0.0
157447	400523	1	0	-0.8	10000		10000		0		0		0	0	0	0	0	0	0	0	0	1000161626		23358	0											Attack03_FrostField_Start	Attack03_FrostField_Loop	Attack03_FrostField_End	120000							0	0	0.0	0.0	0	0	100.0	true	1		0		0	0.0	0.0
157448	400524	1	0		0		0		0		0		0	0	0	0	0	0	0	0	0	0		0	0											Attack04_SmokeField_Start	Attack04_SmokeField_Loop	Attack04_SmokeField_End	120000							0	0	0.0	0.0	0	0	100.0	true	1		0		0	0.0	0.0
157449	400525	1	0	1;1;0	10000		10000		0		0		0	0	0	0	0	0	0	0	0	1000161627		4	0											Attack05_PoisonField_Start	Attack05_PoisonField_Loop	Attack05_PoisonField_End	120000							0	0	0.0	0.0	0	0	100.0	true	1		0		0	0.0	0.0
157539	400526	1	0		1000		0		0		0		0	0	0	0	0	0	0	0	0	1000161744		0	0											Attack00_Aura	2000									0	0	0.0	0.0	0	0	100.0	true	1		0		0	0.0	0.0
157564	400531	1	0	1.5	300000	1.5	300000		0		0		0	0	0	0	0	0	0	0	0	0		23398	0											Attck100_Fever										0	0	0.0	0.0	0	0	100.0	true	1		0		0	0.0	0.0
157565	400532	1	0	1;55454;249;185;55;250	180000		0		0		0		0	0	0	0	0	0	0	0	0	1000161969		0	0																					0	0	0.0	0.0	0	0	100.0	true	1		0		0	0.0	0.0
157568	400533	1	0	400531;400532;400538;400539	3000		0		0		0		0	0	0	0	0	0	0	0	0	0		0	0																					0	0	0.0	0.0	0	0	100.0	true	1		0		0	0.0	0.0
157569	400534	1	0	1	1000	1	1000		0		0		0	0	0	0	0	0	0	0	0	0		23397	0																					0	0	0.0	0.0	0	0	100.0	true	1		0		0	0.0	0.0
157572	400535	1	0	1;55454;249;185;55;250	1000		0		0		0		0	0	0	0	0	0	0	0	0	1000161969		0	0											Attack00_User_Hunting	50000									0	0	0.0	0.0	0	0	100.0	true	1		0		0	0.0	0.0
157573	400536	1	0	1.5	1000	1.5	1000		0		0		0	0	0	0	0	0	0	0	0	0		0	0											Attack00_Monster_DeBuff	50000									0	0	0.0	0.0	0	0	100.0	true	1		0		0	0.0	0.0
157575	400537	1	0	400461;400462;400463;400471;400472	3000		0		0		0		0	0	0	0	0	0	0	0	0	0		0	0																					0	0	0.0	0.0	0	0	100.0	true	1		0		0	0.0	0.0
157578	400538	1	0	1.5	300000	1.5	300000		0		0		0	0	0	0	0	0	0	0	0	0		23399	0											Attck100_Fever										0	0	0.0	0.0	0	0	100.0	true	1		0		0	0.0	0.0
157579	400539	1	0	1.5	300000	1.5	300000		0		0		0	0	0	0	0	0	0	0	0	0		23400	0											Attck100_Fever										0	0	0.0	0.0	0	0	100.0	true	1		0		0	0.0	0.0
157581	400540	1	0		1000		0		0		0		0	0	0	0	0	0	0	0	0	0		0	0											Attack00_Monster_AreaBuff	50000									0	0	0.0	0.0	0	0	100.0	true	1		0		0	0.0	0.0
157731	400541	1	0	400542	999999999		0		0		0		0	0	0	0	0	0	0	0	0	0		0	0																					0	0	0.0	0.0	0	0	100.0	true	1		0		0	0.0	0.0
157732	400542	1	0		0		0		0		0		0	0	0	0	0	0	0	0	0	0		0	0											Attack08_DieSkill										0	0	0.0	0.0	0	0	100.0	true	1		0		0	0.0	0.0
157733	400543	1	0		0		0		0		0		0	0	0	0	0	0	0	0	0	0		0	0											Attack10_Timeover										0	0	0.0	0.0	0	0	100.0	true	1		0		0	0.0	0.0
157596	400551	1	0	1	1000	1	1000		0		0		0	0	0	0	0	0	0	0	0	1000161970		0	0											Attack00_User_DamageUp_5Time	50000									0	0	0.0	0.0	0	0	100.0	true	1		0		0	0.0	0.0
157597	400552	1	0	3	1000	3	1000		0		0		0	0	0	0	0	0	0	0	0	1000161971		0	0											Attack00_User_DamageUp_15Time	50000									0	0	0.0	0.0	0	0	100.0	true	1		0		0	0.0	0.0
157736	400561	1	0	400562	999999999		0		0		0		0	0	0	0	0	0	0	0	0	0		0	0																					0	0	0.0	0.0	0	0	100.0	true	1		0		0	0.0	0.0
157737	400562	1	0		0		0		0		0		0	0	0	0	0	0	0	0	0	0		0	0											Attack00_Item_Drop										0	0	0.0	0.0	0	0	100.0	true	1		0		0	0.0	0.0
157740	400563	1	0		3000		0		0		0		0	0	0	0	0	0	0	0	0	1000162313		23404	0																					0	0	0.0	0.0	0	0	100.0	true	1		0		0	0.0	0.0
